"","type","cons","syldur"
"1","content","k",124
"2","content","k",119
"3","content","k",133
"4","content","k",104
"5","content","k",100
"6","content","k",106
"7","content","k",102
"8","content","k",111
"9","content","k",133
"10","content","k",120
"11","content","k",151
"12","content","k",117
"13","content","k",115
"14","content","k",98
"15","content","k",120
"16","content","k",144
"17","content","k",93
"18","content","k",103
"19","content","k",152
"20","content","k",110
"21","content","k",142
"22","content","k",129
"23","content","k",122
"24","content","k",146
"25","content","k",112
"26","content","s",127
"27","content","s",112
"28","content","s",141
"29","content","s",148
"30","content","s",137
"31","content","s",119
"32","content","s",146
"33","content","s",137
"34","content","s",122
"35","content","s",171
"36","content","s",119
"37","content","s",144
"38","content","s",123
"39","content","s",144
"40","content","s",115
"41","content","s",137
"42","content","s",116
"43","content","s",148
"44","content","s",129
"45","content","s",133
"46","content","s",145
"47","content","s",155
"48","content","s",145
"49","content","s",117
"50","content","s",92
"51","content","t",97
"52","content","t",147
"53","content","t",138
"54","content","t",119
"55","content","t",115
"56","content","t",108
"57","content","t",112
"58","content","t",155
"59","content","t",156
"60","content","t",143
"61","content","t",112
"62","content","t",105
"63","content","t",136
"64","content","t",132
"65","content","t",134
"66","content","t",101
"67","content","t",152
"68","content","t",105
"69","content","t",120
"70","content","t",114
"71","content","t",105
"72","content","t",132
"73","content","t",128
"74","content","t",128
"75","content","t",130
"76","function","k",129
"77","function","k",131
"78","function","k",103
"79","function","k",116
"80","function","k",88
"81","function","k",98
"82","function","k",104
"83","function","k",110
"84","function","k",136
"85","function","k",90
"86","function","k",113
"87","function","k",96
"88","function","k",119
"89","function","k",106
"90","function","k",109
"91","function","k",122
"92","function","k",114
"93","function","k",81
"94","function","k",97
"95","function","k",108
"96","function","k",103
"97","function","k",91
"98","function","k",106
"99","function","k",92
"100","function","k",97
"101","function","s",129
"102","function","s",131
"103","function","s",128
"104","function","s",128
"105","function","s",138
"106","function","s",139
"107","function","s",128
"108","function","s",134
"109","function","s",105
"110","function","s",124
"111","function","s",123
"112","function","s",121
"113","function","s",139
"114","function","s",143
"115","function","s",127
"116","function","s",121
"117","function","s",122
"118","function","s",119
"119","function","s",160
"120","function","s",120
"121","function","s",134
"122","function","s",140
"123","function","s",121
"124","function","s",124
"125","function","s",104
"126","function","t",113
"127","function","t",108
"128","function","t",87
"129","function","t",97
"130","function","t",76
"131","function","t",86
"132","function","t",93
"133","function","t",88
"134","function","t",98
"135","function","t",111
"136","function","t",120
"137","function","t",115
"138","function","t",95
"139","function","t",85
"140","function","t",89
"141","function","t",100
"142","function","t",106
"143","function","t",120
"144","function","t",96
"145","function","t",117
"146","function","t",107
"147","function","t",106
"148","function","t",123
"149","function","t",128
"150","function","t",112
