deletion,pos,environment,class
1,m,C,1
1,m,C,1
1,m,C,1
1,m,C,1
1,m,C,1
1,m,C,1
1,m,C,1
1,m,C,1
1,m,C,1
1,m,C,1
1,m,C,1
1,m,C,1
1,m,C,1
1,m,C,1
1,m,C,1
1,m,C,1
1,m,C,1
1,m,C,1
1,m,C,1
1,m,C,1
1,m,C,1
1,m,C,1
1,m,C,1
1,m,C,1
1,m,C,1
1,m,C,1
1,m,C,1
1,m,C,1
1,m,C,1
1,m,C,1
1,m,C,1
1,m,C,1
1,m,C,1
1,m,C,1
1,m,C,1
1,m,C,1
1,m,C,1
1,m,C,1
0,m,C,1
0,m,C,1
0,m,C,1
0,m,C,1
0,m,C,1
0,m,C,1
0,m,C,1
0,m,C,1
0,m,C,1
0,m,C,1
0,m,C,1
0,m,C,1
0,m,C,1
0,m,C,1
0,m,C,1
0,m,C,1
0,m,C,1
0,m,C,1
0,m,C,1
0,m,C,1
0,m,C,1
0,m,C,1
0,m,C,1
0,m,C,1
0,m,C,1
0,m,C,1
0,m,C,1
0,m,C,1
0,m,C,1
0,m,C,1
0,m,C,1
0,m,C,1
0,m,C,1
0,m,C,1
0,m,C,1
0,m,C,1
0,m,C,1
0,m,C,1
0,m,C,1
0,m,C,1
0,m,C,1
0,m,C,1
0,m,C,1
0,m,C,1
0,m,C,1
0,m,C,1
0,m,C,1
0,m,C,1
0,m,C,1
0,m,C,1
0,m,C,1
0,m,C,1
0,m,C,1
0,m,C,1
0,m,C,1
0,m,C,1
0,m,C,1
0,m,C,1
0,m,C,1
0,m,C,1
0,m,C,1
0,m,C,1
0,m,C,1
0,m,C,1
0,m,C,1
0,m,C,1
0,m,C,1
0,m,C,1
0,m,C,1
0,m,C,1
0,m,C,1
0,m,C,1
0,m,C,1
0,m,C,1
0,m,C,1
0,m,C,1
0,m,C,1
0,m,C,1
0,m,C,1
0,m,C,1
0,m,C,1
0,m,C,1
0,m,C,1
0,m,C,1
0,m,C,1
0,m,C,1
0,m,C,1
0,m,C,1
0,m,C,1
0,m,C,1
0,m,C,1
0,m,C,1
0,m,C,1
0,m,C,1
0,m,C,1
0,m,C,1
0,m,C,1
0,m,C,1
0,m,C,1
0,m,C,1
0,m,C,1
0,m,C,1
0,m,C,1
0,m,C,1
0,m,C,1
0,m,C,1
0,m,C,1
0,m,C,1
0,m,C,1
0,m,C,1
0,m,C,1
0,m,C,1
0,m,C,1
0,m,C,1
0,m,C,1
0,m,C,1
0,m,C,1
0,m,C,1
0,m,C,1
0,m,C,1
0,v,C,1
0,v,C,1
0,v,C,1
0,v,C,1
0,v,C,1
0,v,C,1
1,d,C,1
1,d,C,1
1,d,C,1
1,d,C,1
1,d,C,1
1,d,C,1
1,d,C,1
1,d,C,1
1,d,C,1
1,d,C,1
1,d,C,1
1,d,C,1
1,d,C,1
1,d,C,1
1,d,C,1
1,d,C,1
1,d,C,1
1,d,C,1
0,d,C,1
0,d,C,1
0,d,C,1
0,d,C,1
0,d,C,1
0,d,C,1
0,d,C,1
0,d,C,1
0,d,C,1
0,d,C,1
0,d,C,1
0,d,C,1
0,d,C,1
0,d,C,1
0,d,C,1
0,d,C,1
0,d,C,1
0,d,C,1
0,d,C,1
0,d,C,1
0,d,C,1
0,d,C,1
0,d,C,1
0,d,C,1
0,d,C,1
0,d,C,1
0,d,C,1
0,d,C,1
0,d,C,1
0,d,C,1
0,d,C,1
0,d,C,1
0,d,C,1
0,d,C,1
0,d,C,1
0,d,C,1
0,d,C,1
0,d,C,1
0,d,C,1
0,d,C,1
0,d,C,1
0,d,C,1
0,d,C,1
0,d,C,1
0,d,C,1
0,d,C,1
0,d,C,1
0,d,C,1
0,d,C,1
0,d,C,1
0,d,C,1
0,d,C,1
0,d,C,1
0,d,C,1
0,d,C,1
0,d,C,1
0,d,C,1
0,d,C,1
0,d,C,1
0,d,C,1
0,d,C,1
0,d,C,1
0,d,C,1
0,d,C,1
0,d,C,1
0,d,C,1
0,d,C,1
0,d,C,1
0,d,C,1
0,d,C,1
0,d,C,1
0,d,C,1
0,d,C,1
0,d,C,1
0,d,C,1
0,d,C,1
0,d,C,1
0,d,C,1
0,d,C,1
0,d,C,1
0,d,C,1
0,d,C,1
0,d,C,1
0,d,C,1
0,d,C,1
0,d,C,1
0,d,C,1
0,d,C,1
0,d,C,1
0,d,C,1
1,a,C,1
1,a,C,1
1,a,C,1
1,a,C,1
1,a,C,1
1,a,C,1
1,a,C,1
0,a,C,1
0,a,C,1
0,a,C,1
0,a,C,1
0,a,C,1
0,a,C,1
0,a,C,1
0,a,C,1
0,a,C,1
0,a,C,1
0,a,C,1
0,a,C,1
0,a,C,1
0,a,C,1
0,a,C,1
0,a,C,1
0,a,C,1
0,a,C,1
0,a,C,1
0,a,C,1
0,a,C,1
0,a,C,1
0,a,C,1
0,a,C,1
0,a,C,1
0,a,C,1
0,a,C,1
0,a,C,1
0,a,C,1
0,a,C,1
0,a,C,1
0,a,C,1
0,a,C,1
0,a,C,1
0,a,C,1
0,a,C,1
0,a,C,1
0,a,C,1
0,a,C,1
0,a,C,1
0,a,C,1
0,a,C,1
0,a,C,1
0,a,C,1
1,n,C,1
1,n,C,1
1,n,C,1
1,n,C,1
1,n,C,1
1,n,C,1
1,n,C,1
1,n,C,1
1,n,C,1
1,n,C,1
1,n,C,1
1,n,C,1
1,n,C,1
1,n,C,1
1,n,C,1
1,n,C,1
1,n,C,1
1,n,C,1
1,n,C,1
1,n,C,1
1,n,C,1
1,n,C,1
1,n,C,1
1,n,C,1
1,n,C,1
1,n,C,1
1,n,C,1
1,n,C,1
1,n,C,1
1,n,C,1
1,n,C,1
1,n,C,1
1,n,C,1
1,n,C,1
0,n,C,1
0,n,C,1
0,n,C,1
0,n,C,1
0,n,C,1
0,n,C,1
0,n,C,1
0,n,C,1
0,n,C,1
0,n,C,1
0,n,C,1
0,n,C,1
0,n,C,1
0,n,C,1
0,n,C,1
0,n,C,1
0,n,C,1
0,n,C,1
0,n,C,1
0,n,C,1
0,n,C,1
0,n,C,1
0,n,C,1
0,n,C,1
0,n,C,1
0,n,C,1
0,n,C,1
0,n,C,1
0,n,C,1
0,n,C,1
0,n,C,1
0,n,C,1
0,n,C,1
0,n,C,1
0,n,C,1
0,n,C,1
0,n,C,1
0,n,C,1
0,n,C,1
0,n,C,1
1,m,V,1
1,m,V,1
1,m,V,1
1,m,V,1
1,m,V,1
1,m,V,1
1,m,V,1
1,m,V,1
1,m,V,1
1,m,V,1
1,m,V,1
1,m,V,1
1,m,V,1
1,m,V,1
1,m,V,1
1,m,V,1
1,m,V,1
1,m,V,1
1,m,V,1
1,m,V,1
1,m,V,1
1,m,V,1
1,m,V,1
1,m,V,1
1,m,V,1
1,m,V,1
1,m,V,1
1,m,V,1
1,m,V,1
1,m,V,1
0,m,V,1
0,m,V,1
0,m,V,1
0,m,V,1
0,m,V,1
0,m,V,1
0,m,V,1
0,m,V,1
0,m,V,1
0,m,V,1
0,m,V,1
0,m,V,1
0,m,V,1
0,m,V,1
0,m,V,1
0,m,V,1
0,m,V,1
0,m,V,1
0,m,V,1
0,m,V,1
0,m,V,1
0,m,V,1
0,m,V,1
0,m,V,1
0,m,V,1
0,m,V,1
0,m,V,1
0,m,V,1
0,m,V,1
0,m,V,1
0,m,V,1
0,m,V,1
0,m,V,1
0,m,V,1
0,m,V,1
0,m,V,1
0,m,V,1
0,m,V,1
0,m,V,1
0,m,V,1
0,m,V,1
0,m,V,1
0,v,V,1
0,v,V,1
0,v,V,1
0,v,V,1
0,v,V,1
1,d,V,1
1,d,V,1
0,d,V,1
0,d,V,1
0,d,V,1
0,d,V,1
0,d,V,1
0,d,V,1
0,d,V,1
0,d,V,1
0,d,V,1
0,d,V,1
0,d,V,1
0,d,V,1
0,d,V,1
0,d,V,1
0,d,V,1
0,d,V,1
0,d,V,1
0,d,V,1
0,d,V,1
0,d,V,1
0,d,V,1
0,d,V,1
0,d,V,1
1,a,V,1
1,a,V,1
1,a,V,1
1,a,V,1
1,a,V,1
0,a,V,1
0,a,V,1
0,a,V,1
0,a,V,1
0,a,V,1
0,a,V,1
0,a,V,1
0,a,V,1
1,n,V,1
1,n,V,1
1,n,V,1
1,n,V,1
1,n,V,1
1,n,V,1
1,n,V,1
1,n,V,1
1,n,V,1
1,n,V,1
1,n,V,1
1,n,V,1
1,n,V,1
1,n,V,1
1,n,V,1
1,n,V,1
1,n,V,1
1,n,V,1
1,n,V,1
1,n,V,1
0,n,V,1
1,m,P,1
1,m,P,1
1,m,P,1
1,m,P,1
1,m,P,1
1,m,P,1
1,m,P,1
0,m,P,1
0,m,P,1
0,m,P,1
0,m,P,1
0,m,P,1
0,m,P,1
0,m,P,1
0,m,P,1
0,m,P,1
0,m,P,1
0,m,P,1
0,m,P,1
0,a,P,1
0,a,P,1
0,a,P,1
0,a,P,1
0,a,P,1
0,a,P,1
0,a,P,1
0,a,P,1
1,n,P,1
1,n,P,1
1,n,P,1
1,n,P,1
0,n,P,1
0,n,P,1
0,n,P,1
0,n,P,1
0,n,P,1
0,n,P,1
0,n,P,1
0,n,P,1
0,n,P,1
0,n,P,1
0,n,P,1
0,n,P,1
0,n,P,1
0,n,P,1
0,n,P,1
1,m,C,2
1,m,C,2
1,m,C,2
1,m,C,2
1,m,C,2
1,m,C,2
1,m,C,2
1,m,C,2
1,m,C,2
1,m,C,2
1,m,C,2
1,m,C,2
1,m,C,2
1,m,C,2
1,m,C,2
1,m,C,2
1,m,C,2
1,m,C,2
1,m,C,2
1,m,C,2
1,m,C,2
1,m,C,2
1,m,C,2
1,m,C,2
1,m,C,2
1,m,C,2
1,m,C,2
1,m,C,2
1,m,C,2
1,m,C,2
1,m,C,2
1,m,C,2
1,m,C,2
1,m,C,2
1,m,C,2
1,m,C,2
1,m,C,2
1,m,C,2
1,m,C,2
1,m,C,2
1,m,C,2
1,m,C,2
1,m,C,2
1,m,C,2
1,m,C,2
1,m,C,2
1,m,C,2
1,m,C,2
1,m,C,2
1,m,C,2
1,m,C,2
1,m,C,2
1,m,C,2
1,m,C,2
1,m,C,2
1,m,C,2
1,m,C,2
1,m,C,2
1,m,C,2
1,m,C,2
1,m,C,2
1,m,C,2
1,m,C,2
1,m,C,2
1,m,C,2
1,m,C,2
1,m,C,2
1,m,C,2
1,m,C,2
1,m,C,2
1,m,C,2
1,m,C,2
1,m,C,2
1,m,C,2
1,m,C,2
1,m,C,2
1,m,C,2
1,m,C,2
1,m,C,2
1,m,C,2
1,m,C,2
1,m,C,2
1,m,C,2
1,m,C,2
1,m,C,2
1,m,C,2
1,m,C,2
1,m,C,2
1,m,C,2
1,m,C,2
1,m,C,2
1,m,C,2
1,m,C,2
1,m,C,2
1,m,C,2
1,m,C,2
1,m,C,2
1,m,C,2
1,m,C,2
1,m,C,2
1,m,C,2
1,m,C,2
1,m,C,2
1,m,C,2
1,m,C,2
1,m,C,2
1,m,C,2
1,m,C,2
1,m,C,2
1,m,C,2
1,m,C,2
1,m,C,2
1,m,C,2
1,m,C,2
1,m,C,2
1,m,C,2
1,m,C,2
1,m,C,2
1,m,C,2
1,m,C,2
1,m,C,2
1,m,C,2
1,m,C,2
1,m,C,2
1,m,C,2
1,m,C,2
1,m,C,2
1,m,C,2
1,m,C,2
1,m,C,2
1,m,C,2
1,m,C,2
1,m,C,2
1,m,C,2
1,m,C,2
1,m,C,2
1,m,C,2
1,m,C,2
1,m,C,2
1,m,C,2
1,m,C,2
1,m,C,2
1,m,C,2
1,m,C,2
1,m,C,2
1,m,C,2
1,m,C,2
1,m,C,2
1,m,C,2
1,m,C,2
1,m,C,2
1,m,C,2
1,m,C,2
1,m,C,2
1,m,C,2
1,m,C,2
1,m,C,2
1,m,C,2
1,m,C,2
1,m,C,2
1,m,C,2
1,m,C,2
1,m,C,2
1,m,C,2
1,m,C,2
1,m,C,2
1,m,C,2
1,m,C,2
1,m,C,2
1,m,C,2
1,m,C,2
1,m,C,2
1,m,C,2
1,m,C,2
1,m,C,2
1,m,C,2
1,m,C,2
1,m,C,2
1,m,C,2
1,m,C,2
1,m,C,2
1,m,C,2
1,m,C,2
1,m,C,2
1,m,C,2
1,m,C,2
1,m,C,2
1,m,C,2
1,m,C,2
1,m,C,2
1,m,C,2
1,m,C,2
1,m,C,2
1,m,C,2
1,m,C,2
1,m,C,2
1,m,C,2
1,m,C,2
1,m,C,2
1,m,C,2
1,m,C,2
1,m,C,2
1,m,C,2
1,m,C,2
1,m,C,2
1,m,C,2
1,m,C,2
1,m,C,2
1,m,C,2
1,m,C,2
1,m,C,2
1,m,C,2
1,m,C,2
1,m,C,2
1,m,C,2
1,m,C,2
1,m,C,2
1,m,C,2
1,m,C,2
1,m,C,2
1,m,C,2
1,m,C,2
1,m,C,2
1,m,C,2
1,m,C,2
1,m,C,2
1,m,C,2
1,m,C,2
1,m,C,2
1,m,C,2
1,m,C,2
1,m,C,2
1,m,C,2
1,m,C,2
1,m,C,2
1,m,C,2
1,m,C,2
1,m,C,2
1,m,C,2
1,m,C,2
1,m,C,2
1,m,C,2
1,m,C,2
1,m,C,2
1,m,C,2
1,m,C,2
1,m,C,2
1,m,C,2
1,m,C,2
1,m,C,2
1,m,C,2
1,m,C,2
1,m,C,2
1,m,C,2
1,m,C,2
1,m,C,2
1,m,C,2
1,m,C,2
1,m,C,2
1,m,C,2
1,m,C,2
1,m,C,2
1,m,C,2
1,m,C,2
1,m,C,2
1,m,C,2
1,m,C,2
1,m,C,2
1,m,C,2
1,m,C,2
1,m,C,2
1,m,C,2
1,m,C,2
1,m,C,2
1,m,C,2
1,m,C,2
1,m,C,2
1,m,C,2
1,m,C,2
1,m,C,2
1,m,C,2
1,m,C,2
1,m,C,2
1,m,C,2
1,m,C,2
1,m,C,2
1,m,C,2
1,m,C,2
1,m,C,2
1,m,C,2
1,m,C,2
1,m,C,2
1,m,C,2
1,m,C,2
1,m,C,2
1,m,C,2
1,m,C,2
1,m,C,2
1,m,C,2
1,m,C,2
1,m,C,2
1,m,C,2
1,m,C,2
1,m,C,2
1,m,C,2
1,m,C,2
1,m,C,2
1,m,C,2
1,m,C,2
1,m,C,2
1,m,C,2
1,m,C,2
1,m,C,2
1,m,C,2
1,m,C,2
1,m,C,2
1,m,C,2
1,m,C,2
1,m,C,2
1,m,C,2
1,m,C,2
1,m,C,2
1,m,C,2
1,m,C,2
1,m,C,2
1,m,C,2
1,m,C,2
1,m,C,2
1,m,C,2
1,m,C,2
1,m,C,2
1,m,C,2
1,m,C,2
1,m,C,2
1,m,C,2
1,m,C,2
1,m,C,2
1,m,C,2
1,m,C,2
1,m,C,2
1,m,C,2
1,m,C,2
1,m,C,2
1,m,C,2
1,m,C,2
1,m,C,2
1,m,C,2
1,m,C,2
1,m,C,2
1,m,C,2
1,m,C,2
1,m,C,2
1,m,C,2
1,m,C,2
1,m,C,2
1,m,C,2
1,m,C,2
1,m,C,2
1,m,C,2
1,m,C,2
1,m,C,2
1,m,C,2
1,m,C,2
1,m,C,2
1,m,C,2
1,m,C,2
1,m,C,2
1,m,C,2
1,m,C,2
1,m,C,2
1,m,C,2
1,m,C,2
1,m,C,2
1,m,C,2
1,m,C,2
1,m,C,2
1,m,C,2
0,m,C,2
0,m,C,2
0,m,C,2
0,m,C,2
0,m,C,2
0,m,C,2
0,m,C,2
0,m,C,2
0,m,C,2
0,m,C,2
0,m,C,2
0,m,C,2
0,m,C,2
0,m,C,2
0,m,C,2
0,m,C,2
0,m,C,2
0,m,C,2
0,m,C,2
0,m,C,2
0,m,C,2
0,m,C,2
0,m,C,2
0,m,C,2
0,m,C,2
0,m,C,2
0,m,C,2
0,m,C,2
0,m,C,2
0,m,C,2
0,m,C,2
0,m,C,2
0,m,C,2
0,m,C,2
0,m,C,2
0,m,C,2
0,m,C,2
0,m,C,2
0,m,C,2
0,m,C,2
0,m,C,2
0,m,C,2
0,m,C,2
0,m,C,2
0,m,C,2
0,m,C,2
0,m,C,2
0,m,C,2
0,m,C,2
0,m,C,2
0,m,C,2
0,m,C,2
0,m,C,2
0,m,C,2
0,m,C,2
0,m,C,2
0,m,C,2
0,m,C,2
0,m,C,2
0,m,C,2
0,m,C,2
0,m,C,2
0,m,C,2
0,m,C,2
0,m,C,2
0,m,C,2
0,m,C,2
0,m,C,2
0,m,C,2
0,m,C,2
0,m,C,2
0,m,C,2
0,m,C,2
0,m,C,2
0,m,C,2
0,m,C,2
0,m,C,2
0,m,C,2
0,m,C,2
0,m,C,2
0,m,C,2
0,m,C,2
0,m,C,2
0,m,C,2
0,m,C,2
0,m,C,2
0,m,C,2
0,m,C,2
0,m,C,2
0,m,C,2
0,m,C,2
0,m,C,2
0,m,C,2
0,m,C,2
0,m,C,2
0,m,C,2
0,m,C,2
0,m,C,2
0,m,C,2
0,m,C,2
0,m,C,2
0,m,C,2
0,m,C,2
0,m,C,2
0,m,C,2
0,m,C,2
0,m,C,2
0,m,C,2
0,m,C,2
0,m,C,2
0,m,C,2
0,m,C,2
0,m,C,2
0,m,C,2
0,m,C,2
0,m,C,2
0,m,C,2
0,m,C,2
0,m,C,2
0,m,C,2
0,m,C,2
0,m,C,2
0,m,C,2
0,m,C,2
0,m,C,2
0,m,C,2
0,m,C,2
0,m,C,2
0,m,C,2
0,m,C,2
0,m,C,2
0,m,C,2
0,m,C,2
0,m,C,2
0,m,C,2
0,m,C,2
0,m,C,2
0,m,C,2
0,m,C,2
0,m,C,2
0,m,C,2
0,m,C,2
0,m,C,2
0,m,C,2
0,m,C,2
0,m,C,2
0,m,C,2
0,m,C,2
0,m,C,2
0,m,C,2
0,m,C,2
0,m,C,2
0,m,C,2
0,m,C,2
0,m,C,2
0,m,C,2
0,m,C,2
0,m,C,2
0,m,C,2
0,m,C,2
0,m,C,2
0,m,C,2
0,m,C,2
0,m,C,2
0,m,C,2
0,m,C,2
0,m,C,2
0,m,C,2
0,m,C,2
0,m,C,2
0,m,C,2
0,m,C,2
0,m,C,2
0,m,C,2
0,m,C,2
0,m,C,2
0,m,C,2
0,m,C,2
0,m,C,2
0,m,C,2
0,m,C,2
0,m,C,2
0,m,C,2
0,m,C,2
0,m,C,2
0,m,C,2
0,m,C,2
0,m,C,2
0,m,C,2
0,m,C,2
0,m,C,2
0,m,C,2
0,m,C,2
0,m,C,2
0,m,C,2
0,m,C,2
0,m,C,2
0,m,C,2
0,m,C,2
0,m,C,2
0,m,C,2
0,m,C,2
0,m,C,2
0,m,C,2
0,m,C,2
0,m,C,2
0,m,C,2
0,m,C,2
0,m,C,2
0,m,C,2
0,m,C,2
0,m,C,2
0,m,C,2
0,m,C,2
0,m,C,2
0,m,C,2
0,m,C,2
0,m,C,2
0,m,C,2
0,m,C,2
0,m,C,2
0,m,C,2
0,m,C,2
0,m,C,2
0,m,C,2
0,m,C,2
0,m,C,2
0,m,C,2
0,m,C,2
0,m,C,2
0,m,C,2
0,m,C,2
0,m,C,2
0,m,C,2
0,m,C,2
0,m,C,2
0,m,C,2
0,m,C,2
0,m,C,2
0,m,C,2
0,m,C,2
0,m,C,2
0,m,C,2
0,m,C,2
0,m,C,2
0,m,C,2
0,m,C,2
0,m,C,2
0,m,C,2
0,m,C,2
0,m,C,2
0,m,C,2
0,m,C,2
0,m,C,2
0,m,C,2
0,m,C,2
0,m,C,2
0,m,C,2
0,m,C,2
0,m,C,2
0,m,C,2
0,m,C,2
0,m,C,2
0,m,C,2
0,m,C,2
0,m,C,2
0,m,C,2
0,m,C,2
0,m,C,2
0,m,C,2
0,m,C,2
0,m,C,2
0,m,C,2
0,m,C,2
0,m,C,2
0,m,C,2
0,m,C,2
0,m,C,2
0,m,C,2
0,m,C,2
0,m,C,2
0,m,C,2
0,m,C,2
0,m,C,2
0,m,C,2
0,m,C,2
0,m,C,2
0,m,C,2
0,m,C,2
0,m,C,2
0,m,C,2
0,m,C,2
0,m,C,2
0,m,C,2
0,m,C,2
0,m,C,2
0,m,C,2
0,m,C,2
0,m,C,2
0,m,C,2
0,m,C,2
0,m,C,2
0,m,C,2
0,m,C,2
0,m,C,2
0,m,C,2
0,m,C,2
0,m,C,2
0,m,C,2
0,m,C,2
0,m,C,2
0,m,C,2
0,m,C,2
0,m,C,2
0,m,C,2
0,m,C,2
0,m,C,2
0,m,C,2
0,m,C,2
0,m,C,2
0,m,C,2
0,m,C,2
0,m,C,2
0,m,C,2
0,m,C,2
0,m,C,2
0,m,C,2
0,m,C,2
0,m,C,2
0,m,C,2
0,m,C,2
0,m,C,2
0,m,C,2
0,m,C,2
0,m,C,2
0,m,C,2
0,m,C,2
0,m,C,2
0,m,C,2
0,m,C,2
0,m,C,2
0,m,C,2
0,m,C,2
0,m,C,2
0,m,C,2
0,m,C,2
0,m,C,2
0,m,C,2
0,m,C,2
1,v,C,2
1,v,C,2
1,v,C,2
1,v,C,2
1,v,C,2
1,v,C,2
1,v,C,2
1,v,C,2
1,v,C,2
1,v,C,2
0,v,C,2
0,v,C,2
0,v,C,2
0,v,C,2
0,v,C,2
0,v,C,2
0,v,C,2
0,v,C,2
0,v,C,2
0,v,C,2
0,v,C,2
0,v,C,2
0,v,C,2
0,v,C,2
0,v,C,2
0,v,C,2
0,v,C,2
0,v,C,2
0,v,C,2
0,v,C,2
0,v,C,2
1,d,C,2
1,d,C,2
1,d,C,2
1,d,C,2
1,d,C,2
1,d,C,2
1,d,C,2
1,d,C,2
1,d,C,2
1,d,C,2
1,d,C,2
1,d,C,2
1,d,C,2
1,d,C,2
1,d,C,2
1,d,C,2
1,d,C,2
1,d,C,2
1,d,C,2
1,d,C,2
1,d,C,2
1,d,C,2
1,d,C,2
1,d,C,2
1,d,C,2
1,d,C,2
1,d,C,2
1,d,C,2
1,d,C,2
1,d,C,2
1,d,C,2
1,d,C,2
1,d,C,2
1,d,C,2
1,d,C,2
1,d,C,2
1,d,C,2
1,d,C,2
1,d,C,2
1,d,C,2
1,d,C,2
1,d,C,2
1,d,C,2
1,d,C,2
1,d,C,2
1,d,C,2
1,d,C,2
1,d,C,2
1,d,C,2
1,d,C,2
1,d,C,2
1,d,C,2
1,d,C,2
1,d,C,2
1,d,C,2
1,d,C,2
1,d,C,2
1,d,C,2
1,d,C,2
1,d,C,2
1,d,C,2
1,d,C,2
1,d,C,2
1,d,C,2
1,d,C,2
1,d,C,2
1,d,C,2
1,d,C,2
1,d,C,2
1,d,C,2
1,d,C,2
1,d,C,2
1,d,C,2
1,d,C,2
1,d,C,2
1,d,C,2
1,d,C,2
1,d,C,2
1,d,C,2
1,d,C,2
1,d,C,2
1,d,C,2
1,d,C,2
1,d,C,2
1,d,C,2
1,d,C,2
1,d,C,2
1,d,C,2
1,d,C,2
1,d,C,2
1,d,C,2
1,d,C,2
1,d,C,2
1,d,C,2
1,d,C,2
1,d,C,2
1,d,C,2
1,d,C,2
1,d,C,2
1,d,C,2
1,d,C,2
1,d,C,2
1,d,C,2
1,d,C,2
1,d,C,2
1,d,C,2
1,d,C,2
1,d,C,2
1,d,C,2
1,d,C,2
1,d,C,2
1,d,C,2
1,d,C,2
1,d,C,2
1,d,C,2
1,d,C,2
1,d,C,2
1,d,C,2
1,d,C,2
1,d,C,2
1,d,C,2
1,d,C,2
1,d,C,2
1,d,C,2
1,d,C,2
1,d,C,2
1,d,C,2
1,d,C,2
1,d,C,2
1,d,C,2
1,d,C,2
1,d,C,2
1,d,C,2
1,d,C,2
1,d,C,2
1,d,C,2
1,d,C,2
1,d,C,2
1,d,C,2
1,d,C,2
1,d,C,2
1,d,C,2
1,d,C,2
1,d,C,2
1,d,C,2
1,d,C,2
1,d,C,2
1,d,C,2
1,d,C,2
1,d,C,2
1,d,C,2
1,d,C,2
1,d,C,2
1,d,C,2
1,d,C,2
1,d,C,2
1,d,C,2
1,d,C,2
1,d,C,2
1,d,C,2
0,d,C,2
0,d,C,2
0,d,C,2
0,d,C,2
0,d,C,2
0,d,C,2
0,d,C,2
0,d,C,2
0,d,C,2
0,d,C,2
0,d,C,2
0,d,C,2
0,d,C,2
0,d,C,2
0,d,C,2
0,d,C,2
0,d,C,2
0,d,C,2
0,d,C,2
0,d,C,2
0,d,C,2
0,d,C,2
0,d,C,2
0,d,C,2
0,d,C,2
0,d,C,2
0,d,C,2
0,d,C,2
0,d,C,2
0,d,C,2
0,d,C,2
0,d,C,2
0,d,C,2
0,d,C,2
0,d,C,2
0,d,C,2
0,d,C,2
0,d,C,2
0,d,C,2
0,d,C,2
0,d,C,2
0,d,C,2
0,d,C,2
0,d,C,2
0,d,C,2
0,d,C,2
0,d,C,2
0,d,C,2
0,d,C,2
0,d,C,2
0,d,C,2
0,d,C,2
0,d,C,2
0,d,C,2
0,d,C,2
0,d,C,2
0,d,C,2
0,d,C,2
0,d,C,2
0,d,C,2
0,d,C,2
0,d,C,2
0,d,C,2
0,d,C,2
0,d,C,2
0,d,C,2
0,d,C,2
0,d,C,2
0,d,C,2
0,d,C,2
0,d,C,2
0,d,C,2
0,d,C,2
0,d,C,2
0,d,C,2
0,d,C,2
0,d,C,2
0,d,C,2
0,d,C,2
0,d,C,2
0,d,C,2
0,d,C,2
0,d,C,2
0,d,C,2
0,d,C,2
0,d,C,2
0,d,C,2
0,d,C,2
0,d,C,2
0,d,C,2
0,d,C,2
0,d,C,2
0,d,C,2
0,d,C,2
0,d,C,2
0,d,C,2
0,d,C,2
0,d,C,2
0,d,C,2
0,d,C,2
0,d,C,2
0,d,C,2
0,d,C,2
0,d,C,2
0,d,C,2
0,d,C,2
0,d,C,2
0,d,C,2
0,d,C,2
0,d,C,2
0,d,C,2
0,d,C,2
0,d,C,2
0,d,C,2
0,d,C,2
0,d,C,2
0,d,C,2
0,d,C,2
0,d,C,2
0,d,C,2
0,d,C,2
0,d,C,2
0,d,C,2
0,d,C,2
0,d,C,2
0,d,C,2
0,d,C,2
0,d,C,2
0,d,C,2
0,d,C,2
0,d,C,2
0,d,C,2
0,d,C,2
0,d,C,2
0,d,C,2
0,d,C,2
0,d,C,2
0,d,C,2
0,d,C,2
0,d,C,2
0,d,C,2
0,d,C,2
0,d,C,2
0,d,C,2
0,d,C,2
0,d,C,2
0,d,C,2
0,d,C,2
0,d,C,2
0,d,C,2
0,d,C,2
0,d,C,2
0,d,C,2
0,d,C,2
0,d,C,2
0,d,C,2
0,d,C,2
0,d,C,2
0,d,C,2
0,d,C,2
0,d,C,2
0,d,C,2
0,d,C,2
0,d,C,2
0,d,C,2
0,d,C,2
0,d,C,2
0,d,C,2
0,d,C,2
0,d,C,2
0,d,C,2
0,d,C,2
0,d,C,2
0,d,C,2
0,d,C,2
0,d,C,2
0,d,C,2
0,d,C,2
0,d,C,2
0,d,C,2
0,d,C,2
0,d,C,2
0,d,C,2
0,d,C,2
0,d,C,2
0,d,C,2
0,d,C,2
0,d,C,2
0,d,C,2
0,d,C,2
0,d,C,2
0,d,C,2
0,d,C,2
0,d,C,2
0,d,C,2
0,d,C,2
0,d,C,2
0,d,C,2
0,d,C,2
0,d,C,2
0,d,C,2
0,d,C,2
0,d,C,2
0,d,C,2
0,d,C,2
0,d,C,2
0,d,C,2
0,d,C,2
0,d,C,2
0,d,C,2
0,d,C,2
0,d,C,2
0,d,C,2
0,d,C,2
0,d,C,2
0,d,C,2
0,d,C,2
0,d,C,2
1,a,C,2
1,a,C,2
1,a,C,2
1,a,C,2
1,a,C,2
1,a,C,2
1,a,C,2
1,a,C,2
1,a,C,2
1,a,C,2
1,a,C,2
1,a,C,2
1,a,C,2
1,a,C,2
1,a,C,2
1,a,C,2
1,a,C,2
1,a,C,2
1,a,C,2
1,a,C,2
1,a,C,2
1,a,C,2
1,a,C,2
1,a,C,2
1,a,C,2
1,a,C,2
1,a,C,2
1,a,C,2
1,a,C,2
1,a,C,2
1,a,C,2
1,a,C,2
1,a,C,2
1,a,C,2
1,a,C,2
1,a,C,2
1,a,C,2
1,a,C,2
1,a,C,2
1,a,C,2
1,a,C,2
1,a,C,2
1,a,C,2
1,a,C,2
1,a,C,2
1,a,C,2
1,a,C,2
1,a,C,2
1,a,C,2
1,a,C,2
1,a,C,2
1,a,C,2
1,a,C,2
1,a,C,2
1,a,C,2
1,a,C,2
1,a,C,2
1,a,C,2
1,a,C,2
1,a,C,2
1,a,C,2
1,a,C,2
1,a,C,2
1,a,C,2
1,a,C,2
1,a,C,2
0,a,C,2
0,a,C,2
0,a,C,2
0,a,C,2
0,a,C,2
0,a,C,2
0,a,C,2
0,a,C,2
0,a,C,2
0,a,C,2
0,a,C,2
0,a,C,2
0,a,C,2
0,a,C,2
0,a,C,2
0,a,C,2
0,a,C,2
0,a,C,2
0,a,C,2
0,a,C,2
0,a,C,2
0,a,C,2
0,a,C,2
0,a,C,2
0,a,C,2
0,a,C,2
0,a,C,2
0,a,C,2
0,a,C,2
0,a,C,2
0,a,C,2
0,a,C,2
0,a,C,2
0,a,C,2
0,a,C,2
0,a,C,2
0,a,C,2
0,a,C,2
0,a,C,2
0,a,C,2
0,a,C,2
0,a,C,2
0,a,C,2
0,a,C,2
0,a,C,2
0,a,C,2
0,a,C,2
0,a,C,2
0,a,C,2
0,a,C,2
0,a,C,2
0,a,C,2
0,a,C,2
0,a,C,2
0,a,C,2
0,a,C,2
0,a,C,2
0,a,C,2
0,a,C,2
0,a,C,2
1,n,C,2
1,n,C,2
1,n,C,2
1,n,C,2
1,n,C,2
1,n,C,2
1,n,C,2
1,n,C,2
1,n,C,2
1,n,C,2
1,n,C,2
1,n,C,2
1,n,C,2
1,n,C,2
1,n,C,2
1,n,C,2
1,n,C,2
1,n,C,2
1,n,C,2
1,n,C,2
1,n,C,2
1,n,C,2
1,n,C,2
1,n,C,2
1,n,C,2
1,n,C,2
1,n,C,2
1,n,C,2
1,n,C,2
1,n,C,2
1,n,C,2
1,n,C,2
1,n,C,2
1,n,C,2
1,n,C,2
1,n,C,2
1,n,C,2
1,n,C,2
1,n,C,2
1,n,C,2
1,n,C,2
1,n,C,2
1,n,C,2
1,n,C,2
1,n,C,2
1,n,C,2
1,n,C,2
1,n,C,2
1,n,C,2
1,n,C,2
1,n,C,2
1,n,C,2
1,n,C,2
1,n,C,2
1,n,C,2
1,n,C,2
1,n,C,2
1,n,C,2
1,n,C,2
1,n,C,2
1,n,C,2
1,n,C,2
1,n,C,2
1,n,C,2
1,n,C,2
1,n,C,2
1,n,C,2
1,n,C,2
1,n,C,2
1,n,C,2
1,n,C,2
1,n,C,2
1,n,C,2
1,n,C,2
1,n,C,2
1,n,C,2
1,n,C,2
1,n,C,2
1,n,C,2
1,n,C,2
1,n,C,2
1,n,C,2
1,n,C,2
1,n,C,2
1,n,C,2
1,n,C,2
1,n,C,2
1,n,C,2
1,n,C,2
1,n,C,2
1,n,C,2
1,n,C,2
1,n,C,2
1,n,C,2
1,n,C,2
1,n,C,2
1,n,C,2
1,n,C,2
1,n,C,2
1,n,C,2
1,n,C,2
1,n,C,2
1,n,C,2
1,n,C,2
1,n,C,2
1,n,C,2
1,n,C,2
1,n,C,2
1,n,C,2
1,n,C,2
1,n,C,2
1,n,C,2
1,n,C,2
1,n,C,2
1,n,C,2
1,n,C,2
1,n,C,2
1,n,C,2
1,n,C,2
1,n,C,2
1,n,C,2
1,n,C,2
1,n,C,2
1,n,C,2
1,n,C,2
1,n,C,2
1,n,C,2
1,n,C,2
1,n,C,2
1,n,C,2
1,n,C,2
1,n,C,2
1,n,C,2
1,n,C,2
1,n,C,2
1,n,C,2
1,n,C,2
1,n,C,2
1,n,C,2
1,n,C,2
1,n,C,2
1,n,C,2
1,n,C,2
1,n,C,2
1,n,C,2
1,n,C,2
1,n,C,2
1,n,C,2
1,n,C,2
1,n,C,2
1,n,C,2
1,n,C,2
1,n,C,2
1,n,C,2
1,n,C,2
1,n,C,2
1,n,C,2
1,n,C,2
1,n,C,2
1,n,C,2
1,n,C,2
1,n,C,2
1,n,C,2
1,n,C,2
1,n,C,2
1,n,C,2
1,n,C,2
1,n,C,2
1,n,C,2
1,n,C,2
1,n,C,2
1,n,C,2
1,n,C,2
1,n,C,2
1,n,C,2
1,n,C,2
1,n,C,2
1,n,C,2
1,n,C,2
1,n,C,2
1,n,C,2
1,n,C,2
1,n,C,2
1,n,C,2
1,n,C,2
1,n,C,2
1,n,C,2
1,n,C,2
1,n,C,2
1,n,C,2
1,n,C,2
1,n,C,2
1,n,C,2
1,n,C,2
1,n,C,2
1,n,C,2
1,n,C,2
1,n,C,2
1,n,C,2
1,n,C,2
1,n,C,2
1,n,C,2
1,n,C,2
1,n,C,2
1,n,C,2
1,n,C,2
1,n,C,2
1,n,C,2
1,n,C,2
1,n,C,2
1,n,C,2
1,n,C,2
1,n,C,2
1,n,C,2
1,n,C,2
1,n,C,2
1,n,C,2
1,n,C,2
1,n,C,2
1,n,C,2
1,n,C,2
1,n,C,2
1,n,C,2
1,n,C,2
1,n,C,2
1,n,C,2
1,n,C,2
1,n,C,2
1,n,C,2
1,n,C,2
1,n,C,2
1,n,C,2
0,n,C,2
0,n,C,2
0,n,C,2
0,n,C,2
0,n,C,2
0,n,C,2
0,n,C,2
0,n,C,2
0,n,C,2
0,n,C,2
0,n,C,2
0,n,C,2
0,n,C,2
0,n,C,2
0,n,C,2
0,n,C,2
0,n,C,2
0,n,C,2
0,n,C,2
0,n,C,2
0,n,C,2
0,n,C,2
0,n,C,2
0,n,C,2
0,n,C,2
0,n,C,2
0,n,C,2
0,n,C,2
0,n,C,2
0,n,C,2
0,n,C,2
0,n,C,2
0,n,C,2
0,n,C,2
0,n,C,2
0,n,C,2
0,n,C,2
0,n,C,2
0,n,C,2
0,n,C,2
0,n,C,2
0,n,C,2
0,n,C,2
0,n,C,2
0,n,C,2
0,n,C,2
0,n,C,2
0,n,C,2
0,n,C,2
0,n,C,2
0,n,C,2
0,n,C,2
0,n,C,2
0,n,C,2
0,n,C,2
0,n,C,2
0,n,C,2
0,n,C,2
0,n,C,2
0,n,C,2
0,n,C,2
0,n,C,2
0,n,C,2
0,n,C,2
0,n,C,2
0,n,C,2
0,n,C,2
0,n,C,2
0,n,C,2
0,n,C,2
0,n,C,2
0,n,C,2
0,n,C,2
0,n,C,2
0,n,C,2
0,n,C,2
0,n,C,2
0,n,C,2
0,n,C,2
0,n,C,2
0,n,C,2
0,n,C,2
0,n,C,2
0,n,C,2
0,n,C,2
0,n,C,2
0,n,C,2
0,n,C,2
0,n,C,2
0,n,C,2
0,n,C,2
0,n,C,2
0,n,C,2
0,n,C,2
0,n,C,2
0,n,C,2
0,n,C,2
0,n,C,2
0,n,C,2
0,n,C,2
0,n,C,2
0,n,C,2
0,n,C,2
0,n,C,2
0,n,C,2
0,n,C,2
0,n,C,2
0,n,C,2
0,n,C,2
0,n,C,2
0,n,C,2
0,n,C,2
0,n,C,2
0,n,C,2
0,n,C,2
0,n,C,2
0,n,C,2
0,n,C,2
0,n,C,2
0,n,C,2
0,n,C,2
0,n,C,2
0,n,C,2
0,n,C,2
0,n,C,2
0,n,C,2
0,n,C,2
0,n,C,2
0,n,C,2
1,m,V,2
1,m,V,2
1,m,V,2
1,m,V,2
1,m,V,2
1,m,V,2
1,m,V,2
1,m,V,2
1,m,V,2
1,m,V,2
1,m,V,2
1,m,V,2
1,m,V,2
1,m,V,2
1,m,V,2
1,m,V,2
1,m,V,2
1,m,V,2
1,m,V,2
1,m,V,2
1,m,V,2
1,m,V,2
1,m,V,2
1,m,V,2
1,m,V,2
1,m,V,2
1,m,V,2
1,m,V,2
1,m,V,2
1,m,V,2
1,m,V,2
1,m,V,2
1,m,V,2
1,m,V,2
1,m,V,2
1,m,V,2
1,m,V,2
1,m,V,2
1,m,V,2
1,m,V,2
1,m,V,2
1,m,V,2
1,m,V,2
1,m,V,2
1,m,V,2
1,m,V,2
1,m,V,2
1,m,V,2
1,m,V,2
1,m,V,2
1,m,V,2
1,m,V,2
1,m,V,2
1,m,V,2
1,m,V,2
1,m,V,2
1,m,V,2
1,m,V,2
1,m,V,2
1,m,V,2
1,m,V,2
1,m,V,2
1,m,V,2
1,m,V,2
1,m,V,2
1,m,V,2
1,m,V,2
1,m,V,2
1,m,V,2
1,m,V,2
1,m,V,2
1,m,V,2
1,m,V,2
1,m,V,2
1,m,V,2
1,m,V,2
1,m,V,2
1,m,V,2
1,m,V,2
1,m,V,2
1,m,V,2
1,m,V,2
1,m,V,2
1,m,V,2
1,m,V,2
1,m,V,2
1,m,V,2
1,m,V,2
1,m,V,2
1,m,V,2
1,m,V,2
1,m,V,2
1,m,V,2
1,m,V,2
1,m,V,2
1,m,V,2
1,m,V,2
1,m,V,2
1,m,V,2
1,m,V,2
1,m,V,2
1,m,V,2
1,m,V,2
1,m,V,2
1,m,V,2
1,m,V,2
1,m,V,2
1,m,V,2
1,m,V,2
1,m,V,2
1,m,V,2
1,m,V,2
1,m,V,2
1,m,V,2
1,m,V,2
1,m,V,2
1,m,V,2
1,m,V,2
1,m,V,2
1,m,V,2
1,m,V,2
1,m,V,2
1,m,V,2
1,m,V,2
1,m,V,2
1,m,V,2
1,m,V,2
1,m,V,2
1,m,V,2
1,m,V,2
1,m,V,2
1,m,V,2
1,m,V,2
1,m,V,2
1,m,V,2
1,m,V,2
1,m,V,2
1,m,V,2
1,m,V,2
1,m,V,2
1,m,V,2
1,m,V,2
1,m,V,2
1,m,V,2
1,m,V,2
1,m,V,2
1,m,V,2
1,m,V,2
1,m,V,2
1,m,V,2
1,m,V,2
1,m,V,2
1,m,V,2
1,m,V,2
1,m,V,2
1,m,V,2
1,m,V,2
1,m,V,2
1,m,V,2
1,m,V,2
1,m,V,2
1,m,V,2
1,m,V,2
1,m,V,2
1,m,V,2
1,m,V,2
1,m,V,2
1,m,V,2
1,m,V,2
1,m,V,2
1,m,V,2
1,m,V,2
1,m,V,2
1,m,V,2
1,m,V,2
1,m,V,2
1,m,V,2
1,m,V,2
1,m,V,2
1,m,V,2
1,m,V,2
1,m,V,2
1,m,V,2
1,m,V,2
1,m,V,2
1,m,V,2
1,m,V,2
1,m,V,2
1,m,V,2
1,m,V,2
1,m,V,2
1,m,V,2
1,m,V,2
1,m,V,2
1,m,V,2
1,m,V,2
1,m,V,2
1,m,V,2
1,m,V,2
1,m,V,2
1,m,V,2
1,m,V,2
1,m,V,2
1,m,V,2
1,m,V,2
1,m,V,2
1,m,V,2
1,m,V,2
1,m,V,2
1,m,V,2
1,m,V,2
1,m,V,2
1,m,V,2
1,m,V,2
1,m,V,2
1,m,V,2
1,m,V,2
1,m,V,2
1,m,V,2
1,m,V,2
1,m,V,2
1,m,V,2
1,m,V,2
1,m,V,2
1,m,V,2
1,m,V,2
1,m,V,2
1,m,V,2
1,m,V,2
1,m,V,2
1,m,V,2
1,m,V,2
1,m,V,2
0,m,V,2
0,m,V,2
0,m,V,2
0,m,V,2
0,m,V,2
0,m,V,2
0,m,V,2
0,m,V,2
0,m,V,2
0,m,V,2
0,m,V,2
0,m,V,2
0,m,V,2
0,m,V,2
0,m,V,2
0,m,V,2
0,m,V,2
0,m,V,2
0,m,V,2
0,m,V,2
0,m,V,2
0,m,V,2
0,m,V,2
0,m,V,2
0,m,V,2
0,m,V,2
0,m,V,2
0,m,V,2
0,m,V,2
0,m,V,2
0,m,V,2
0,m,V,2
0,m,V,2
0,m,V,2
0,m,V,2
0,m,V,2
0,m,V,2
0,m,V,2
0,m,V,2
0,m,V,2
0,m,V,2
0,m,V,2
0,m,V,2
0,m,V,2
0,m,V,2
0,m,V,2
0,m,V,2
0,m,V,2
0,m,V,2
0,m,V,2
0,m,V,2
0,m,V,2
0,m,V,2
0,m,V,2
0,m,V,2
0,m,V,2
0,m,V,2
0,m,V,2
0,m,V,2
0,m,V,2
0,m,V,2
0,m,V,2
0,m,V,2
0,m,V,2
0,m,V,2
0,m,V,2
0,m,V,2
0,m,V,2
0,m,V,2
0,m,V,2
0,m,V,2
0,m,V,2
0,m,V,2
0,m,V,2
0,m,V,2
0,m,V,2
0,m,V,2
0,m,V,2
0,m,V,2
0,m,V,2
0,m,V,2
0,m,V,2
0,m,V,2
0,m,V,2
0,m,V,2
0,m,V,2
0,m,V,2
0,m,V,2
0,m,V,2
0,m,V,2
0,m,V,2
0,m,V,2
0,m,V,2
0,m,V,2
0,m,V,2
0,m,V,2
0,m,V,2
0,m,V,2
0,m,V,2
0,m,V,2
0,m,V,2
0,m,V,2
0,m,V,2
0,m,V,2
0,m,V,2
0,m,V,2
0,m,V,2
0,m,V,2
0,m,V,2
0,m,V,2
0,m,V,2
0,m,V,2
0,m,V,2
0,m,V,2
0,m,V,2
0,m,V,2
0,m,V,2
0,m,V,2
0,m,V,2
0,m,V,2
1,v,V,2
1,v,V,2
1,v,V,2
1,v,V,2
1,v,V,2
1,v,V,2
1,v,V,2
1,v,V,2
0,v,V,2
0,v,V,2
0,v,V,2
0,v,V,2
0,v,V,2
0,v,V,2
0,v,V,2
0,v,V,2
0,v,V,2
0,v,V,2
0,v,V,2
0,v,V,2
0,v,V,2
0,v,V,2
0,v,V,2
0,v,V,2
0,v,V,2
0,v,V,2
0,v,V,2
0,v,V,2
0,v,V,2
0,v,V,2
0,v,V,2
0,v,V,2
1,d,V,2
1,d,V,2
1,d,V,2
1,d,V,2
1,d,V,2
1,d,V,2
1,d,V,2
1,d,V,2
1,d,V,2
1,d,V,2
1,d,V,2
1,d,V,2
1,d,V,2
1,d,V,2
1,d,V,2
1,d,V,2
1,d,V,2
1,d,V,2
1,d,V,2
1,d,V,2
1,d,V,2
1,d,V,2
1,d,V,2
1,d,V,2
0,d,V,2
0,d,V,2
0,d,V,2
0,d,V,2
0,d,V,2
0,d,V,2
0,d,V,2
0,d,V,2
0,d,V,2
0,d,V,2
0,d,V,2
0,d,V,2
0,d,V,2
0,d,V,2
0,d,V,2
0,d,V,2
0,d,V,2
0,d,V,2
0,d,V,2
0,d,V,2
0,d,V,2
0,d,V,2
0,d,V,2
0,d,V,2
0,d,V,2
0,d,V,2
0,d,V,2
0,d,V,2
0,d,V,2
0,d,V,2
0,d,V,2
0,d,V,2
1,a,V,2
1,a,V,2
1,a,V,2
1,a,V,2
1,a,V,2
1,a,V,2
1,a,V,2
1,a,V,2
1,a,V,2
1,a,V,2
1,a,V,2
1,a,V,2
1,a,V,2
1,a,V,2
1,a,V,2
0,a,V,2
0,a,V,2
0,a,V,2
0,a,V,2
0,a,V,2
0,a,V,2
0,a,V,2
0,a,V,2
0,a,V,2
1,n,V,2
1,n,V,2
1,n,V,2
1,n,V,2
1,n,V,2
1,n,V,2
1,n,V,2
1,n,V,2
1,n,V,2
1,n,V,2
1,n,V,2
1,n,V,2
1,n,V,2
1,n,V,2
1,n,V,2
1,n,V,2
1,n,V,2
1,n,V,2
1,n,V,2
1,n,V,2
1,n,V,2
1,n,V,2
1,n,V,2
1,n,V,2
1,n,V,2
1,n,V,2
1,n,V,2
1,n,V,2
1,n,V,2
1,n,V,2
1,n,V,2
1,n,V,2
1,n,V,2
1,n,V,2
1,n,V,2
1,n,V,2
1,n,V,2
1,n,V,2
1,n,V,2
1,n,V,2
1,n,V,2
1,n,V,2
1,n,V,2
1,n,V,2
1,n,V,2
1,n,V,2
1,n,V,2
1,n,V,2
1,n,V,2
1,n,V,2
1,n,V,2
1,n,V,2
1,n,V,2
1,n,V,2
1,n,V,2
1,n,V,2
1,n,V,2
1,n,V,2
1,n,V,2
1,n,V,2
1,n,V,2
1,n,V,2
1,n,V,2
1,n,V,2
1,n,V,2
1,n,V,2
1,n,V,2
1,n,V,2
1,n,V,2
1,n,V,2
1,n,V,2
1,n,V,2
1,n,V,2
1,n,V,2
1,n,V,2
1,n,V,2
1,n,V,2
1,n,V,2
1,n,V,2
1,n,V,2
1,n,V,2
1,n,V,2
1,n,V,2
1,n,V,2
1,n,V,2
1,n,V,2
1,n,V,2
1,n,V,2
1,n,V,2
1,n,V,2
1,n,V,2
1,n,V,2
1,n,V,2
1,n,V,2
1,n,V,2
1,n,V,2
1,n,V,2
1,n,V,2
1,n,V,2
1,n,V,2
1,n,V,2
1,n,V,2
1,n,V,2
1,n,V,2
1,n,V,2
1,n,V,2
1,n,V,2
1,n,V,2
1,n,V,2
1,n,V,2
1,n,V,2
1,n,V,2
1,n,V,2
1,n,V,2
1,n,V,2
1,n,V,2
1,n,V,2
1,n,V,2
1,n,V,2
1,n,V,2
1,n,V,2
1,n,V,2
1,n,V,2
1,n,V,2
1,n,V,2
1,n,V,2
1,n,V,2
1,n,V,2
1,n,V,2
1,n,V,2
1,n,V,2
1,n,V,2
1,n,V,2
1,n,V,2
1,n,V,2
1,n,V,2
1,n,V,2
1,n,V,2
1,n,V,2
1,n,V,2
1,n,V,2
0,n,V,2
0,n,V,2
0,n,V,2
0,n,V,2
0,n,V,2
0,n,V,2
0,n,V,2
1,m,P,2
1,m,P,2
1,m,P,2
1,m,P,2
1,m,P,2
1,m,P,2
1,m,P,2
1,m,P,2
1,m,P,2
1,m,P,2
1,m,P,2
1,m,P,2
1,m,P,2
1,m,P,2
1,m,P,2
1,m,P,2
1,m,P,2
1,m,P,2
1,m,P,2
1,m,P,2
1,m,P,2
1,m,P,2
1,m,P,2
1,m,P,2
1,m,P,2
1,m,P,2
1,m,P,2
1,m,P,2
1,m,P,2
1,m,P,2
1,m,P,2
1,m,P,2
1,m,P,2
1,m,P,2
1,m,P,2
1,m,P,2
1,m,P,2
1,m,P,2
1,m,P,2
1,m,P,2
1,m,P,2
1,m,P,2
1,m,P,2
1,m,P,2
1,m,P,2
1,m,P,2
1,m,P,2
1,m,P,2
1,m,P,2
1,m,P,2
1,m,P,2
1,m,P,2
1,m,P,2
1,m,P,2
1,m,P,2
1,m,P,2
1,m,P,2
1,m,P,2
1,m,P,2
1,m,P,2
1,m,P,2
1,m,P,2
1,m,P,2
1,m,P,2
1,m,P,2
1,m,P,2
1,m,P,2
1,m,P,2
1,m,P,2
1,m,P,2
1,m,P,2
1,m,P,2
1,m,P,2
1,m,P,2
1,m,P,2
1,m,P,2
1,m,P,2
1,m,P,2
1,m,P,2
1,m,P,2
1,m,P,2
1,m,P,2
1,m,P,2
1,m,P,2
1,m,P,2
1,m,P,2
1,m,P,2
1,m,P,2
1,m,P,2
1,m,P,2
1,m,P,2
1,m,P,2
1,m,P,2
1,m,P,2
1,m,P,2
1,m,P,2
1,m,P,2
1,m,P,2
0,m,P,2
0,m,P,2
0,m,P,2
0,m,P,2
0,m,P,2
0,m,P,2
0,m,P,2
0,m,P,2
0,m,P,2
0,m,P,2
0,m,P,2
0,m,P,2
0,m,P,2
0,m,P,2
0,m,P,2
0,m,P,2
0,m,P,2
0,m,P,2
0,m,P,2
0,m,P,2
0,m,P,2
0,m,P,2
0,m,P,2
0,m,P,2
0,m,P,2
0,m,P,2
0,m,P,2
1,a,P,2
1,a,P,2
1,a,P,2
1,a,P,2
1,a,P,2
1,a,P,2
1,a,P,2
1,a,P,2
1,a,P,2
1,a,P,2
1,a,P,2
1,a,P,2
0,a,P,2
0,a,P,2
0,a,P,2
1,n,P,2
1,n,P,2
1,n,P,2
1,n,P,2
1,n,P,2
1,n,P,2
1,n,P,2
1,n,P,2
1,n,P,2
1,n,P,2
1,n,P,2
1,n,P,2
1,n,P,2
1,n,P,2
1,n,P,2
1,n,P,2
1,n,P,2
1,n,P,2
1,n,P,2
1,n,P,2
1,n,P,2
1,n,P,2
1,n,P,2
1,n,P,2
1,n,P,2
1,n,P,2
1,n,P,2
1,n,P,2
1,n,P,2
1,n,P,2
1,n,P,2
1,n,P,2
1,n,P,2
1,n,P,2
1,n,P,2
1,n,P,2
1,n,P,2
1,n,P,2
1,n,P,2
1,n,P,2
1,n,P,2
1,n,P,2
1,n,P,2
1,n,P,2
1,n,P,2
1,n,P,2
1,n,P,2
1,n,P,2
1,n,P,2
1,n,P,2
1,n,P,2
1,n,P,2
1,n,P,2
1,n,P,2
1,n,P,2
1,n,P,2
1,n,P,2
1,n,P,2
1,n,P,2
1,n,P,2
1,n,P,2
1,n,P,2
1,n,P,2
1,n,P,2
1,n,P,2
1,n,P,2
1,n,P,2
1,n,P,2
1,n,P,2
1,n,P,2
1,n,P,2
1,n,P,2
1,n,P,2
1,n,P,2
1,n,P,2
1,n,P,2
1,n,P,2
1,n,P,2
1,n,P,2
1,n,P,2
1,n,P,2
1,n,P,2
1,n,P,2
1,n,P,2
1,n,P,2
1,n,P,2
1,n,P,2
1,n,P,2
1,n,P,2
1,n,P,2
1,n,P,2
1,n,P,2
1,n,P,2
1,n,P,2
1,n,P,2
1,n,P,2
1,n,P,2
1,n,P,2
1,n,P,2
1,n,P,2
1,n,P,2
1,n,P,2
1,n,P,2
1,n,P,2
1,n,P,2
1,n,P,2
1,n,P,2
1,n,P,2
1,n,P,2
1,n,P,2
1,n,P,2
1,n,P,2
1,n,P,2
1,n,P,2
1,n,P,2
1,n,P,2
1,n,P,2
1,n,P,2
1,n,P,2
1,n,P,2
1,n,P,2
1,n,P,2
1,n,P,2
1,n,P,2
1,n,P,2
1,n,P,2
1,n,P,2
1,n,P,2
1,n,P,2
1,n,P,2
1,n,P,2
1,n,P,2
1,n,P,2
1,n,P,2
1,n,P,2
1,n,P,2
1,n,P,2
1,n,P,2
0,n,P,2
0,n,P,2
0,n,P,2
0,n,P,2
0,n,P,2
0,n,P,2
0,n,P,2
0,n,P,2
0,n,P,2
0,n,P,2
0,n,P,2
0,n,P,2
0,n,P,2
0,n,P,2
0,n,P,2
0,n,P,2
0,n,P,2
0,n,P,2
0,n,P,2
0,n,P,2
0,n,P,2
0,n,P,2
0,n,P,2
0,n,P,2
0,n,P,2
0,n,P,2
0,n,P,2
0,n,P,2
0,n,P,2
0,n,P,2
0,n,P,2
0,n,P,2
0,n,P,2
0,n,P,2
1,m,C,3
1,m,C,3
1,m,C,3
1,m,C,3
1,m,C,3
1,m,C,3
1,m,C,3
1,m,C,3
1,m,C,3
1,m,C,3
1,m,C,3
1,m,C,3
1,m,C,3
1,m,C,3
1,m,C,3
1,m,C,3
1,m,C,3
1,m,C,3
1,m,C,3
1,m,C,3
1,m,C,3
1,m,C,3
1,m,C,3
1,m,C,3
1,m,C,3
1,m,C,3
1,m,C,3
1,m,C,3
1,m,C,3
1,m,C,3
1,m,C,3
1,m,C,3
1,m,C,3
1,m,C,3
1,m,C,3
1,m,C,3
1,m,C,3
1,m,C,3
1,m,C,3
1,m,C,3
1,m,C,3
1,m,C,3
1,m,C,3
1,m,C,3
1,m,C,3
1,m,C,3
1,m,C,3
1,m,C,3
1,m,C,3
1,m,C,3
1,m,C,3
1,m,C,3
1,m,C,3
1,m,C,3
1,m,C,3
1,m,C,3
1,m,C,3
1,m,C,3
1,m,C,3
1,m,C,3
1,m,C,3
1,m,C,3
1,m,C,3
1,m,C,3
1,m,C,3
1,m,C,3
1,m,C,3
1,m,C,3
1,m,C,3
1,m,C,3
1,m,C,3
1,m,C,3
1,m,C,3
1,m,C,3
1,m,C,3
1,m,C,3
1,m,C,3
1,m,C,3
1,m,C,3
1,m,C,3
1,m,C,3
1,m,C,3
1,m,C,3
1,m,C,3
1,m,C,3
1,m,C,3
1,m,C,3
1,m,C,3
1,m,C,3
1,m,C,3
1,m,C,3
1,m,C,3
1,m,C,3
1,m,C,3
1,m,C,3
1,m,C,3
1,m,C,3
1,m,C,3
1,m,C,3
1,m,C,3
1,m,C,3
1,m,C,3
1,m,C,3
1,m,C,3
1,m,C,3
1,m,C,3
1,m,C,3
1,m,C,3
1,m,C,3
1,m,C,3
1,m,C,3
1,m,C,3
1,m,C,3
1,m,C,3
1,m,C,3
1,m,C,3
1,m,C,3
1,m,C,3
1,m,C,3
1,m,C,3
1,m,C,3
1,m,C,3
1,m,C,3
1,m,C,3
1,m,C,3
1,m,C,3
1,m,C,3
1,m,C,3
1,m,C,3
1,m,C,3
1,m,C,3
1,m,C,3
1,m,C,3
1,m,C,3
1,m,C,3
1,m,C,3
1,m,C,3
1,m,C,3
1,m,C,3
1,m,C,3
1,m,C,3
1,m,C,3
1,m,C,3
1,m,C,3
1,m,C,3
1,m,C,3
1,m,C,3
1,m,C,3
1,m,C,3
1,m,C,3
1,m,C,3
1,m,C,3
1,m,C,3
1,m,C,3
1,m,C,3
1,m,C,3
1,m,C,3
1,m,C,3
1,m,C,3
1,m,C,3
1,m,C,3
1,m,C,3
1,m,C,3
1,m,C,3
1,m,C,3
1,m,C,3
1,m,C,3
1,m,C,3
1,m,C,3
1,m,C,3
1,m,C,3
1,m,C,3
1,m,C,3
1,m,C,3
1,m,C,3
1,m,C,3
1,m,C,3
1,m,C,3
1,m,C,3
1,m,C,3
1,m,C,3
1,m,C,3
1,m,C,3
1,m,C,3
1,m,C,3
1,m,C,3
1,m,C,3
1,m,C,3
1,m,C,3
1,m,C,3
1,m,C,3
1,m,C,3
1,m,C,3
1,m,C,3
1,m,C,3
1,m,C,3
1,m,C,3
1,m,C,3
1,m,C,3
1,m,C,3
1,m,C,3
1,m,C,3
1,m,C,3
1,m,C,3
1,m,C,3
1,m,C,3
1,m,C,3
1,m,C,3
1,m,C,3
1,m,C,3
1,m,C,3
1,m,C,3
1,m,C,3
1,m,C,3
1,m,C,3
1,m,C,3
1,m,C,3
1,m,C,3
1,m,C,3
1,m,C,3
1,m,C,3
1,m,C,3
1,m,C,3
1,m,C,3
1,m,C,3
1,m,C,3
1,m,C,3
1,m,C,3
1,m,C,3
1,m,C,3
1,m,C,3
1,m,C,3
1,m,C,3
1,m,C,3
1,m,C,3
1,m,C,3
1,m,C,3
1,m,C,3
1,m,C,3
1,m,C,3
1,m,C,3
1,m,C,3
1,m,C,3
1,m,C,3
1,m,C,3
1,m,C,3
1,m,C,3
1,m,C,3
1,m,C,3
1,m,C,3
1,m,C,3
1,m,C,3
1,m,C,3
1,m,C,3
1,m,C,3
1,m,C,3
1,m,C,3
1,m,C,3
1,m,C,3
1,m,C,3
1,m,C,3
1,m,C,3
1,m,C,3
1,m,C,3
1,m,C,3
1,m,C,3
1,m,C,3
1,m,C,3
1,m,C,3
1,m,C,3
1,m,C,3
1,m,C,3
1,m,C,3
1,m,C,3
1,m,C,3
1,m,C,3
1,m,C,3
1,m,C,3
1,m,C,3
1,m,C,3
1,m,C,3
1,m,C,3
1,m,C,3
1,m,C,3
1,m,C,3
1,m,C,3
1,m,C,3
1,m,C,3
1,m,C,3
1,m,C,3
1,m,C,3
1,m,C,3
1,m,C,3
1,m,C,3
1,m,C,3
1,m,C,3
1,m,C,3
1,m,C,3
1,m,C,3
1,m,C,3
1,m,C,3
1,m,C,3
1,m,C,3
1,m,C,3
1,m,C,3
1,m,C,3
1,m,C,3
1,m,C,3
1,m,C,3
1,m,C,3
1,m,C,3
1,m,C,3
1,m,C,3
1,m,C,3
1,m,C,3
1,m,C,3
1,m,C,3
1,m,C,3
1,m,C,3
1,m,C,3
1,m,C,3
1,m,C,3
1,m,C,3
1,m,C,3
1,m,C,3
1,m,C,3
1,m,C,3
1,m,C,3
1,m,C,3
1,m,C,3
1,m,C,3
1,m,C,3
1,m,C,3
1,m,C,3
1,m,C,3
1,m,C,3
1,m,C,3
1,m,C,3
1,m,C,3
1,m,C,3
1,m,C,3
1,m,C,3
1,m,C,3
1,m,C,3
1,m,C,3
1,m,C,3
1,m,C,3
1,m,C,3
1,m,C,3
1,m,C,3
1,m,C,3
1,m,C,3
1,m,C,3
1,m,C,3
1,m,C,3
1,m,C,3
1,m,C,3
1,m,C,3
0,m,C,3
0,m,C,3
0,m,C,3
0,m,C,3
0,m,C,3
0,m,C,3
0,m,C,3
0,m,C,3
0,m,C,3
0,m,C,3
0,m,C,3
0,m,C,3
0,m,C,3
0,m,C,3
0,m,C,3
0,m,C,3
0,m,C,3
0,m,C,3
0,m,C,3
0,m,C,3
0,m,C,3
0,m,C,3
0,m,C,3
0,m,C,3
0,m,C,3
0,m,C,3
0,m,C,3
0,m,C,3
0,m,C,3
0,m,C,3
0,m,C,3
0,m,C,3
0,m,C,3
0,m,C,3
0,m,C,3
0,m,C,3
0,m,C,3
0,m,C,3
0,m,C,3
0,m,C,3
0,m,C,3
0,m,C,3
0,m,C,3
0,m,C,3
0,m,C,3
0,m,C,3
0,m,C,3
0,m,C,3
0,m,C,3
0,m,C,3
0,m,C,3
0,m,C,3
0,m,C,3
0,m,C,3
0,m,C,3
0,m,C,3
0,m,C,3
0,m,C,3
0,m,C,3
0,m,C,3
0,m,C,3
0,m,C,3
0,m,C,3
0,m,C,3
0,m,C,3
0,m,C,3
0,m,C,3
0,m,C,3
0,m,C,3
0,m,C,3
0,m,C,3
0,m,C,3
0,m,C,3
0,m,C,3
0,m,C,3
0,m,C,3
0,m,C,3
0,m,C,3
0,m,C,3
0,m,C,3
0,m,C,3
0,m,C,3
0,m,C,3
0,m,C,3
0,m,C,3
0,m,C,3
0,m,C,3
0,m,C,3
0,m,C,3
0,m,C,3
0,m,C,3
0,m,C,3
0,m,C,3
0,m,C,3
0,m,C,3
0,m,C,3
0,m,C,3
0,m,C,3
0,m,C,3
0,m,C,3
0,m,C,3
0,m,C,3
0,m,C,3
0,m,C,3
0,m,C,3
0,m,C,3
0,m,C,3
0,m,C,3
0,m,C,3
0,m,C,3
0,m,C,3
0,m,C,3
0,m,C,3
0,m,C,3
0,m,C,3
0,m,C,3
0,m,C,3
0,m,C,3
0,m,C,3
0,m,C,3
0,m,C,3
0,m,C,3
0,m,C,3
0,m,C,3
0,m,C,3
0,m,C,3
0,m,C,3
0,m,C,3
0,m,C,3
0,m,C,3
0,m,C,3
0,m,C,3
0,m,C,3
0,m,C,3
0,m,C,3
0,m,C,3
0,m,C,3
0,m,C,3
0,m,C,3
0,m,C,3
0,m,C,3
0,m,C,3
0,m,C,3
0,m,C,3
0,m,C,3
0,m,C,3
0,m,C,3
0,m,C,3
0,m,C,3
0,m,C,3
0,m,C,3
0,m,C,3
0,m,C,3
0,m,C,3
0,m,C,3
0,m,C,3
0,m,C,3
0,m,C,3
0,m,C,3
0,m,C,3
0,m,C,3
0,m,C,3
0,m,C,3
0,m,C,3
0,m,C,3
0,m,C,3
0,m,C,3
0,m,C,3
0,m,C,3
0,m,C,3
0,m,C,3
0,m,C,3
0,m,C,3
0,m,C,3
0,m,C,3
0,m,C,3
0,m,C,3
0,m,C,3
0,m,C,3
0,m,C,3
0,m,C,3
0,m,C,3
0,m,C,3
0,m,C,3
0,m,C,3
0,m,C,3
0,m,C,3
0,m,C,3
0,m,C,3
0,m,C,3
0,m,C,3
0,m,C,3
0,m,C,3
0,m,C,3
0,m,C,3
0,m,C,3
0,m,C,3
0,m,C,3
0,m,C,3
0,m,C,3
0,m,C,3
0,m,C,3
0,m,C,3
0,m,C,3
0,m,C,3
0,m,C,3
0,m,C,3
0,m,C,3
0,m,C,3
0,m,C,3
0,m,C,3
0,m,C,3
0,m,C,3
0,m,C,3
0,m,C,3
0,m,C,3
0,m,C,3
0,m,C,3
0,m,C,3
0,m,C,3
0,m,C,3
0,m,C,3
0,m,C,3
0,m,C,3
0,m,C,3
0,m,C,3
0,m,C,3
0,m,C,3
0,m,C,3
0,m,C,3
0,m,C,3
0,m,C,3
0,m,C,3
0,m,C,3
0,m,C,3
0,m,C,3
0,m,C,3
0,m,C,3
0,m,C,3
0,m,C,3
0,m,C,3
0,m,C,3
0,m,C,3
0,m,C,3
0,m,C,3
0,m,C,3
0,m,C,3
0,m,C,3
0,m,C,3
0,m,C,3
0,m,C,3
0,m,C,3
0,m,C,3
0,m,C,3
0,m,C,3
0,m,C,3
0,m,C,3
0,m,C,3
0,m,C,3
0,m,C,3
0,m,C,3
0,m,C,3
0,m,C,3
0,m,C,3
0,m,C,3
0,m,C,3
0,m,C,3
0,m,C,3
0,m,C,3
0,m,C,3
0,m,C,3
0,m,C,3
0,m,C,3
0,m,C,3
0,m,C,3
0,m,C,3
0,m,C,3
0,m,C,3
0,m,C,3
0,m,C,3
0,m,C,3
0,m,C,3
0,m,C,3
0,m,C,3
0,m,C,3
0,m,C,3
0,m,C,3
0,m,C,3
0,m,C,3
0,m,C,3
0,m,C,3
0,m,C,3
0,m,C,3
0,m,C,3
0,m,C,3
0,m,C,3
0,m,C,3
0,m,C,3
0,m,C,3
0,m,C,3
0,m,C,3
0,m,C,3
0,m,C,3
0,m,C,3
0,m,C,3
0,m,C,3
0,m,C,3
0,m,C,3
0,m,C,3
0,m,C,3
0,m,C,3
0,m,C,3
0,m,C,3
0,m,C,3
0,m,C,3
0,m,C,3
0,m,C,3
0,m,C,3
0,m,C,3
0,m,C,3
0,m,C,3
0,m,C,3
0,m,C,3
0,m,C,3
0,m,C,3
0,m,C,3
0,m,C,3
0,m,C,3
0,m,C,3
0,m,C,3
0,m,C,3
0,m,C,3
0,m,C,3
0,m,C,3
0,m,C,3
0,m,C,3
0,m,C,3
0,m,C,3
0,m,C,3
0,m,C,3
0,m,C,3
0,m,C,3
0,m,C,3
0,m,C,3
0,m,C,3
1,v,C,3
1,v,C,3
1,v,C,3
1,v,C,3
1,v,C,3
1,v,C,3
1,v,C,3
1,v,C,3
1,v,C,3
0,v,C,3
0,v,C,3
0,v,C,3
0,v,C,3
0,v,C,3
0,v,C,3
1,d,C,3
1,d,C,3
1,d,C,3
1,d,C,3
1,d,C,3
1,d,C,3
1,d,C,3
1,d,C,3
1,d,C,3
1,d,C,3
1,d,C,3
1,d,C,3
1,d,C,3
1,d,C,3
1,d,C,3
1,d,C,3
1,d,C,3
1,d,C,3
1,d,C,3
1,d,C,3
1,d,C,3
1,d,C,3
1,d,C,3
1,d,C,3
1,d,C,3
1,d,C,3
1,d,C,3
1,d,C,3
1,d,C,3
1,d,C,3
1,d,C,3
1,d,C,3
1,d,C,3
1,d,C,3
1,d,C,3
1,d,C,3
1,d,C,3
1,d,C,3
1,d,C,3
1,d,C,3
1,d,C,3
1,d,C,3
1,d,C,3
1,d,C,3
1,d,C,3
1,d,C,3
1,d,C,3
1,d,C,3
1,d,C,3
1,d,C,3
1,d,C,3
1,d,C,3
1,d,C,3
1,d,C,3
1,d,C,3
1,d,C,3
1,d,C,3
1,d,C,3
1,d,C,3
1,d,C,3
1,d,C,3
1,d,C,3
1,d,C,3
1,d,C,3
1,d,C,3
1,d,C,3
1,d,C,3
1,d,C,3
1,d,C,3
1,d,C,3
1,d,C,3
1,d,C,3
1,d,C,3
1,d,C,3
1,d,C,3
1,d,C,3
1,d,C,3
1,d,C,3
1,d,C,3
1,d,C,3
1,d,C,3
1,d,C,3
1,d,C,3
1,d,C,3
1,d,C,3
1,d,C,3
1,d,C,3
1,d,C,3
1,d,C,3
1,d,C,3
1,d,C,3
1,d,C,3
1,d,C,3
1,d,C,3
1,d,C,3
1,d,C,3
1,d,C,3
1,d,C,3
1,d,C,3
1,d,C,3
1,d,C,3
1,d,C,3
1,d,C,3
1,d,C,3
1,d,C,3
1,d,C,3
1,d,C,3
1,d,C,3
1,d,C,3
1,d,C,3
1,d,C,3
1,d,C,3
1,d,C,3
1,d,C,3
1,d,C,3
1,d,C,3
1,d,C,3
1,d,C,3
1,d,C,3
1,d,C,3
0,d,C,3
0,d,C,3
0,d,C,3
0,d,C,3
0,d,C,3
0,d,C,3
0,d,C,3
0,d,C,3
0,d,C,3
0,d,C,3
0,d,C,3
0,d,C,3
0,d,C,3
0,d,C,3
0,d,C,3
0,d,C,3
0,d,C,3
0,d,C,3
0,d,C,3
0,d,C,3
0,d,C,3
0,d,C,3
0,d,C,3
0,d,C,3
0,d,C,3
0,d,C,3
0,d,C,3
0,d,C,3
0,d,C,3
0,d,C,3
0,d,C,3
0,d,C,3
0,d,C,3
0,d,C,3
0,d,C,3
0,d,C,3
0,d,C,3
0,d,C,3
0,d,C,3
0,d,C,3
0,d,C,3
0,d,C,3
0,d,C,3
0,d,C,3
0,d,C,3
0,d,C,3
0,d,C,3
0,d,C,3
0,d,C,3
0,d,C,3
0,d,C,3
0,d,C,3
0,d,C,3
0,d,C,3
0,d,C,3
0,d,C,3
0,d,C,3
0,d,C,3
0,d,C,3
0,d,C,3
0,d,C,3
0,d,C,3
0,d,C,3
0,d,C,3
0,d,C,3
0,d,C,3
0,d,C,3
0,d,C,3
0,d,C,3
0,d,C,3
0,d,C,3
0,d,C,3
0,d,C,3
0,d,C,3
0,d,C,3
0,d,C,3
0,d,C,3
0,d,C,3
0,d,C,3
0,d,C,3
0,d,C,3
0,d,C,3
0,d,C,3
0,d,C,3
0,d,C,3
0,d,C,3
0,d,C,3
0,d,C,3
0,d,C,3
0,d,C,3
0,d,C,3
0,d,C,3
0,d,C,3
0,d,C,3
0,d,C,3
0,d,C,3
0,d,C,3
0,d,C,3
0,d,C,3
0,d,C,3
0,d,C,3
0,d,C,3
0,d,C,3
0,d,C,3
0,d,C,3
0,d,C,3
0,d,C,3
0,d,C,3
0,d,C,3
0,d,C,3
0,d,C,3
0,d,C,3
0,d,C,3
0,d,C,3
0,d,C,3
0,d,C,3
0,d,C,3
0,d,C,3
0,d,C,3
0,d,C,3
0,d,C,3
0,d,C,3
0,d,C,3
0,d,C,3
0,d,C,3
0,d,C,3
0,d,C,3
0,d,C,3
0,d,C,3
0,d,C,3
0,d,C,3
0,d,C,3
0,d,C,3
0,d,C,3
0,d,C,3
0,d,C,3
0,d,C,3
0,d,C,3
0,d,C,3
0,d,C,3
0,d,C,3
0,d,C,3
0,d,C,3
0,d,C,3
0,d,C,3
0,d,C,3
0,d,C,3
0,d,C,3
0,d,C,3
0,d,C,3
0,d,C,3
0,d,C,3
0,d,C,3
0,d,C,3
0,d,C,3
0,d,C,3
0,d,C,3
0,d,C,3
0,d,C,3
0,d,C,3
0,d,C,3
0,d,C,3
0,d,C,3
0,d,C,3
0,d,C,3
0,d,C,3
0,d,C,3
0,d,C,3
0,d,C,3
0,d,C,3
0,d,C,3
0,d,C,3
0,d,C,3
1,a,C,3
1,a,C,3
1,a,C,3
1,a,C,3
1,a,C,3
1,a,C,3
1,a,C,3
1,a,C,3
1,a,C,3
1,a,C,3
1,a,C,3
1,a,C,3
1,a,C,3
1,a,C,3
1,a,C,3
1,a,C,3
1,a,C,3
1,a,C,3
1,a,C,3
1,a,C,3
1,a,C,3
1,a,C,3
1,a,C,3
1,a,C,3
1,a,C,3
1,a,C,3
1,a,C,3
1,a,C,3
1,a,C,3
1,a,C,3
1,a,C,3
1,a,C,3
1,a,C,3
1,a,C,3
1,a,C,3
1,a,C,3
1,a,C,3
1,a,C,3
1,a,C,3
1,a,C,3
1,a,C,3
1,a,C,3
1,a,C,3
1,a,C,3
1,a,C,3
0,a,C,3
0,a,C,3
0,a,C,3
0,a,C,3
0,a,C,3
0,a,C,3
0,a,C,3
0,a,C,3
0,a,C,3
0,a,C,3
0,a,C,3
0,a,C,3
0,a,C,3
0,a,C,3
0,a,C,3
0,a,C,3
0,a,C,3
0,a,C,3
0,a,C,3
0,a,C,3
0,a,C,3
0,a,C,3
0,a,C,3
0,a,C,3
0,a,C,3
0,a,C,3
0,a,C,3
0,a,C,3
0,a,C,3
0,a,C,3
0,a,C,3
0,a,C,3
0,a,C,3
0,a,C,3
0,a,C,3
0,a,C,3
0,a,C,3
0,a,C,3
0,a,C,3
0,a,C,3
0,a,C,3
0,a,C,3
0,a,C,3
0,a,C,3
0,a,C,3
0,a,C,3
0,a,C,3
0,a,C,3
0,a,C,3
0,a,C,3
0,a,C,3
0,a,C,3
0,a,C,3
0,a,C,3
0,a,C,3
0,a,C,3
0,a,C,3
0,a,C,3
0,a,C,3
0,a,C,3
0,a,C,3
0,a,C,3
0,a,C,3
0,a,C,3
0,a,C,3
0,a,C,3
0,a,C,3
0,a,C,3
0,a,C,3
0,a,C,3
0,a,C,3
0,a,C,3
0,a,C,3
0,a,C,3
0,a,C,3
0,a,C,3
0,a,C,3
0,a,C,3
0,a,C,3
0,a,C,3
0,a,C,3
1,n,C,3
1,n,C,3
1,n,C,3
1,n,C,3
1,n,C,3
1,n,C,3
1,n,C,3
1,n,C,3
1,n,C,3
1,n,C,3
1,n,C,3
1,n,C,3
1,n,C,3
1,n,C,3
1,n,C,3
1,n,C,3
1,n,C,3
1,n,C,3
1,n,C,3
1,n,C,3
1,n,C,3
1,n,C,3
1,n,C,3
1,n,C,3
1,n,C,3
1,n,C,3
1,n,C,3
1,n,C,3
1,n,C,3
1,n,C,3
1,n,C,3
1,n,C,3
1,n,C,3
1,n,C,3
1,n,C,3
1,n,C,3
1,n,C,3
1,n,C,3
1,n,C,3
1,n,C,3
1,n,C,3
1,n,C,3
1,n,C,3
1,n,C,3
1,n,C,3
1,n,C,3
1,n,C,3
1,n,C,3
1,n,C,3
1,n,C,3
1,n,C,3
1,n,C,3
1,n,C,3
1,n,C,3
1,n,C,3
1,n,C,3
1,n,C,3
1,n,C,3
1,n,C,3
1,n,C,3
1,n,C,3
1,n,C,3
1,n,C,3
1,n,C,3
1,n,C,3
1,n,C,3
1,n,C,3
1,n,C,3
1,n,C,3
1,n,C,3
1,n,C,3
1,n,C,3
1,n,C,3
1,n,C,3
1,n,C,3
1,n,C,3
1,n,C,3
1,n,C,3
1,n,C,3
1,n,C,3
1,n,C,3
1,n,C,3
1,n,C,3
1,n,C,3
1,n,C,3
1,n,C,3
1,n,C,3
1,n,C,3
1,n,C,3
1,n,C,3
1,n,C,3
1,n,C,3
1,n,C,3
1,n,C,3
1,n,C,3
1,n,C,3
1,n,C,3
1,n,C,3
1,n,C,3
1,n,C,3
1,n,C,3
1,n,C,3
1,n,C,3
1,n,C,3
1,n,C,3
1,n,C,3
1,n,C,3
1,n,C,3
1,n,C,3
1,n,C,3
1,n,C,3
1,n,C,3
1,n,C,3
1,n,C,3
1,n,C,3
1,n,C,3
1,n,C,3
1,n,C,3
1,n,C,3
1,n,C,3
1,n,C,3
1,n,C,3
1,n,C,3
1,n,C,3
1,n,C,3
1,n,C,3
1,n,C,3
1,n,C,3
1,n,C,3
1,n,C,3
1,n,C,3
1,n,C,3
1,n,C,3
1,n,C,3
1,n,C,3
1,n,C,3
1,n,C,3
1,n,C,3
1,n,C,3
1,n,C,3
1,n,C,3
1,n,C,3
1,n,C,3
1,n,C,3
1,n,C,3
1,n,C,3
1,n,C,3
1,n,C,3
1,n,C,3
1,n,C,3
1,n,C,3
1,n,C,3
1,n,C,3
1,n,C,3
1,n,C,3
1,n,C,3
1,n,C,3
1,n,C,3
1,n,C,3
1,n,C,3
1,n,C,3
1,n,C,3
1,n,C,3
1,n,C,3
1,n,C,3
1,n,C,3
1,n,C,3
1,n,C,3
1,n,C,3
1,n,C,3
1,n,C,3
1,n,C,3
1,n,C,3
1,n,C,3
1,n,C,3
1,n,C,3
1,n,C,3
1,n,C,3
1,n,C,3
1,n,C,3
1,n,C,3
1,n,C,3
1,n,C,3
0,n,C,3
0,n,C,3
0,n,C,3
0,n,C,3
0,n,C,3
0,n,C,3
0,n,C,3
0,n,C,3
0,n,C,3
0,n,C,3
0,n,C,3
0,n,C,3
0,n,C,3
0,n,C,3
0,n,C,3
0,n,C,3
0,n,C,3
0,n,C,3
0,n,C,3
0,n,C,3
0,n,C,3
0,n,C,3
0,n,C,3
0,n,C,3
0,n,C,3
0,n,C,3
0,n,C,3
0,n,C,3
0,n,C,3
0,n,C,3
0,n,C,3
0,n,C,3
0,n,C,3
0,n,C,3
0,n,C,3
0,n,C,3
0,n,C,3
0,n,C,3
0,n,C,3
0,n,C,3
0,n,C,3
0,n,C,3
0,n,C,3
0,n,C,3
0,n,C,3
0,n,C,3
0,n,C,3
0,n,C,3
0,n,C,3
0,n,C,3
0,n,C,3
0,n,C,3
0,n,C,3
0,n,C,3
0,n,C,3
0,n,C,3
0,n,C,3
0,n,C,3
0,n,C,3
0,n,C,3
0,n,C,3
0,n,C,3
0,n,C,3
0,n,C,3
0,n,C,3
0,n,C,3
0,n,C,3
0,n,C,3
0,n,C,3
0,n,C,3
0,n,C,3
0,n,C,3
0,n,C,3
0,n,C,3
0,n,C,3
0,n,C,3
0,n,C,3
0,n,C,3
0,n,C,3
0,n,C,3
0,n,C,3
0,n,C,3
0,n,C,3
0,n,C,3
0,n,C,3
0,n,C,3
0,n,C,3
0,n,C,3
0,n,C,3
0,n,C,3
0,n,C,3
0,n,C,3
0,n,C,3
0,n,C,3
0,n,C,3
0,n,C,3
0,n,C,3
0,n,C,3
0,n,C,3
0,n,C,3
0,n,C,3
0,n,C,3
0,n,C,3
0,n,C,3
0,n,C,3
0,n,C,3
0,n,C,3
0,n,C,3
0,n,C,3
0,n,C,3
0,n,C,3
0,n,C,3
0,n,C,3
0,n,C,3
0,n,C,3
0,n,C,3
0,n,C,3
0,n,C,3
0,n,C,3
0,n,C,3
0,n,C,3
0,n,C,3
0,n,C,3
0,n,C,3
0,n,C,3
0,n,C,3
0,n,C,3
0,n,C,3
0,n,C,3
0,n,C,3
0,n,C,3
0,n,C,3
0,n,C,3
0,n,C,3
0,n,C,3
0,n,C,3
0,n,C,3
0,n,C,3
0,n,C,3
0,n,C,3
0,n,C,3
0,n,C,3
0,n,C,3
1,m,V,3
1,m,V,3
1,m,V,3
1,m,V,3
1,m,V,3
1,m,V,3
1,m,V,3
1,m,V,3
1,m,V,3
1,m,V,3
1,m,V,3
1,m,V,3
1,m,V,3
1,m,V,3
1,m,V,3
1,m,V,3
1,m,V,3
1,m,V,3
1,m,V,3
1,m,V,3
1,m,V,3
1,m,V,3
1,m,V,3
1,m,V,3
1,m,V,3
1,m,V,3
1,m,V,3
1,m,V,3
1,m,V,3
1,m,V,3
1,m,V,3
1,m,V,3
1,m,V,3
1,m,V,3
1,m,V,3
1,m,V,3
1,m,V,3
1,m,V,3
1,m,V,3
1,m,V,3
1,m,V,3
1,m,V,3
1,m,V,3
1,m,V,3
1,m,V,3
1,m,V,3
1,m,V,3
1,m,V,3
1,m,V,3
1,m,V,3
1,m,V,3
1,m,V,3
1,m,V,3
1,m,V,3
1,m,V,3
1,m,V,3
1,m,V,3
1,m,V,3
1,m,V,3
1,m,V,3
1,m,V,3
1,m,V,3
1,m,V,3
1,m,V,3
1,m,V,3
1,m,V,3
1,m,V,3
1,m,V,3
1,m,V,3
1,m,V,3
1,m,V,3
1,m,V,3
1,m,V,3
1,m,V,3
1,m,V,3
1,m,V,3
1,m,V,3
1,m,V,3
1,m,V,3
1,m,V,3
1,m,V,3
1,m,V,3
1,m,V,3
1,m,V,3
1,m,V,3
1,m,V,3
1,m,V,3
1,m,V,3
1,m,V,3
1,m,V,3
1,m,V,3
1,m,V,3
1,m,V,3
1,m,V,3
1,m,V,3
1,m,V,3
1,m,V,3
1,m,V,3
1,m,V,3
1,m,V,3
1,m,V,3
1,m,V,3
1,m,V,3
1,m,V,3
1,m,V,3
1,m,V,3
1,m,V,3
1,m,V,3
1,m,V,3
1,m,V,3
1,m,V,3
1,m,V,3
1,m,V,3
1,m,V,3
1,m,V,3
1,m,V,3
1,m,V,3
1,m,V,3
1,m,V,3
1,m,V,3
1,m,V,3
1,m,V,3
1,m,V,3
1,m,V,3
1,m,V,3
1,m,V,3
1,m,V,3
1,m,V,3
1,m,V,3
1,m,V,3
1,m,V,3
1,m,V,3
1,m,V,3
1,m,V,3
1,m,V,3
1,m,V,3
1,m,V,3
1,m,V,3
1,m,V,3
1,m,V,3
1,m,V,3
1,m,V,3
1,m,V,3
1,m,V,3
1,m,V,3
1,m,V,3
1,m,V,3
1,m,V,3
1,m,V,3
1,m,V,3
1,m,V,3
1,m,V,3
1,m,V,3
1,m,V,3
1,m,V,3
1,m,V,3
1,m,V,3
1,m,V,3
1,m,V,3
1,m,V,3
1,m,V,3
1,m,V,3
1,m,V,3
1,m,V,3
1,m,V,3
1,m,V,3
1,m,V,3
1,m,V,3
1,m,V,3
1,m,V,3
1,m,V,3
1,m,V,3
1,m,V,3
1,m,V,3
1,m,V,3
1,m,V,3
1,m,V,3
1,m,V,3
1,m,V,3
1,m,V,3
1,m,V,3
1,m,V,3
1,m,V,3
1,m,V,3
1,m,V,3
1,m,V,3
1,m,V,3
1,m,V,3
1,m,V,3
1,m,V,3
1,m,V,3
1,m,V,3
1,m,V,3
1,m,V,3
1,m,V,3
1,m,V,3
1,m,V,3
1,m,V,3
1,m,V,3
1,m,V,3
1,m,V,3
1,m,V,3
1,m,V,3
1,m,V,3
1,m,V,3
1,m,V,3
1,m,V,3
1,m,V,3
1,m,V,3
1,m,V,3
1,m,V,3
1,m,V,3
1,m,V,3
1,m,V,3
1,m,V,3
0,m,V,3
0,m,V,3
0,m,V,3
0,m,V,3
0,m,V,3
0,m,V,3
0,m,V,3
0,m,V,3
0,m,V,3
0,m,V,3
0,m,V,3
0,m,V,3
0,m,V,3
0,m,V,3
0,m,V,3
0,m,V,3
0,m,V,3
0,m,V,3
0,m,V,3
0,m,V,3
0,m,V,3
0,m,V,3
0,m,V,3
0,m,V,3
0,m,V,3
0,m,V,3
0,m,V,3
0,m,V,3
0,m,V,3
0,m,V,3
0,m,V,3
0,m,V,3
0,m,V,3
0,m,V,3
0,m,V,3
0,m,V,3
0,m,V,3
0,m,V,3
0,m,V,3
0,m,V,3
0,m,V,3
0,m,V,3
0,m,V,3
0,m,V,3
0,m,V,3
0,m,V,3
0,m,V,3
0,m,V,3
0,m,V,3
0,m,V,3
0,m,V,3
0,m,V,3
0,m,V,3
0,m,V,3
0,m,V,3
0,m,V,3
0,m,V,3
0,m,V,3
0,m,V,3
0,m,V,3
0,m,V,3
0,m,V,3
0,m,V,3
0,m,V,3
0,m,V,3
0,m,V,3
0,m,V,3
0,m,V,3
0,m,V,3
0,m,V,3
0,m,V,3
0,m,V,3
0,m,V,3
0,m,V,3
0,m,V,3
0,m,V,3
0,m,V,3
0,m,V,3
0,m,V,3
0,m,V,3
0,m,V,3
0,m,V,3
0,m,V,3
0,m,V,3
0,m,V,3
0,m,V,3
0,m,V,3
0,m,V,3
0,m,V,3
0,m,V,3
0,m,V,3
0,m,V,3
0,m,V,3
0,m,V,3
0,m,V,3
0,m,V,3
0,m,V,3
0,m,V,3
0,m,V,3
0,m,V,3
0,m,V,3
0,m,V,3
0,m,V,3
0,m,V,3
0,m,V,3
0,m,V,3
0,m,V,3
0,m,V,3
0,m,V,3
0,m,V,3
0,m,V,3
0,m,V,3
0,m,V,3
0,m,V,3
0,m,V,3
0,m,V,3
0,m,V,3
0,m,V,3
0,m,V,3
0,m,V,3
0,m,V,3
0,m,V,3
0,m,V,3
1,v,V,3
1,v,V,3
1,v,V,3
0,v,V,3
0,v,V,3
1,d,V,3
1,d,V,3
1,d,V,3
1,d,V,3
1,d,V,3
1,d,V,3
1,d,V,3
1,d,V,3
1,d,V,3
1,d,V,3
1,d,V,3
1,d,V,3
1,d,V,3
1,d,V,3
1,d,V,3
1,d,V,3
1,d,V,3
1,d,V,3
1,d,V,3
1,d,V,3
1,d,V,3
1,d,V,3
1,d,V,3
1,d,V,3
1,d,V,3
1,d,V,3
1,d,V,3
1,d,V,3
1,d,V,3
1,d,V,3
0,d,V,3
0,d,V,3
0,d,V,3
0,d,V,3
0,d,V,3
0,d,V,3
0,d,V,3
0,d,V,3
0,d,V,3
0,d,V,3
0,d,V,3
0,d,V,3
0,d,V,3
0,d,V,3
0,d,V,3
0,d,V,3
0,d,V,3
0,d,V,3
0,d,V,3
0,d,V,3
0,d,V,3
0,d,V,3
0,d,V,3
0,d,V,3
0,d,V,3
0,d,V,3
0,d,V,3
1,a,V,3
1,a,V,3
1,a,V,3
1,a,V,3
1,a,V,3
1,a,V,3
1,a,V,3
1,a,V,3
1,a,V,3
1,a,V,3
1,a,V,3
1,a,V,3
1,a,V,3
1,a,V,3
1,a,V,3
0,a,V,3
0,a,V,3
0,a,V,3
0,a,V,3
0,a,V,3
0,a,V,3
1,n,V,3
1,n,V,3
1,n,V,3
1,n,V,3
1,n,V,3
1,n,V,3
1,n,V,3
1,n,V,3
1,n,V,3
1,n,V,3
1,n,V,3
1,n,V,3
1,n,V,3
1,n,V,3
1,n,V,3
1,n,V,3
1,n,V,3
1,n,V,3
1,n,V,3
1,n,V,3
1,n,V,3
1,n,V,3
1,n,V,3
1,n,V,3
1,n,V,3
1,n,V,3
1,n,V,3
1,n,V,3
1,n,V,3
1,n,V,3
1,n,V,3
1,n,V,3
1,n,V,3
1,n,V,3
1,n,V,3
1,n,V,3
1,n,V,3
1,n,V,3
1,n,V,3
1,n,V,3
1,n,V,3
1,n,V,3
1,n,V,3
1,n,V,3
1,n,V,3
1,n,V,3
1,n,V,3
1,n,V,3
1,n,V,3
1,n,V,3
1,n,V,3
1,n,V,3
1,n,V,3
1,n,V,3
1,n,V,3
1,n,V,3
1,n,V,3
1,n,V,3
1,n,V,3
1,n,V,3
1,n,V,3
1,n,V,3
1,n,V,3
1,n,V,3
1,n,V,3
1,n,V,3
1,n,V,3
1,n,V,3
1,n,V,3
1,n,V,3
1,n,V,3
1,n,V,3
1,n,V,3
1,n,V,3
1,n,V,3
1,n,V,3
1,n,V,3
1,n,V,3
1,n,V,3
1,n,V,3
0,n,V,3
0,n,V,3
0,n,V,3
0,n,V,3
0,n,V,3
0,n,V,3
0,n,V,3
0,n,V,3
0,n,V,3
0,n,V,3
0,n,V,3
0,n,V,3
0,n,V,3
0,n,V,3
0,n,V,3
0,n,V,3
0,n,V,3
0,n,V,3
0,n,V,3
0,n,V,3
0,n,V,3
0,n,V,3
0,n,V,3
0,n,V,3
0,n,V,3
0,n,V,3
0,n,V,3
0,n,V,3
0,n,V,3
0,n,V,3
0,n,V,3
0,n,V,3
0,n,V,3
0,n,V,3
0,n,V,3
0,n,V,3
0,n,V,3
0,n,V,3
0,n,V,3
0,n,V,3
0,n,V,3
0,n,V,3
0,n,V,3
0,n,V,3
0,n,V,3
0,n,V,3
0,n,V,3
0,n,V,3
0,n,V,3
0,n,V,3
0,n,V,3
0,n,V,3
0,n,V,3
0,n,V,3
0,n,V,3
0,n,V,3
1,m,P,3
1,m,P,3
1,m,P,3
1,m,P,3
1,m,P,3
1,m,P,3
1,m,P,3
1,m,P,3
1,m,P,3
1,m,P,3
1,m,P,3
1,m,P,3
1,m,P,3
1,m,P,3
1,m,P,3
1,m,P,3
1,m,P,3
1,m,P,3
1,m,P,3
1,m,P,3
1,m,P,3
1,m,P,3
1,m,P,3
1,m,P,3
1,m,P,3
1,m,P,3
1,m,P,3
1,m,P,3
1,m,P,3
1,m,P,3
1,m,P,3
1,m,P,3
1,m,P,3
1,m,P,3
1,m,P,3
1,m,P,3
1,m,P,3
1,m,P,3
1,m,P,3
1,m,P,3
1,m,P,3
1,m,P,3
1,m,P,3
1,m,P,3
1,m,P,3
1,m,P,3
1,m,P,3
1,m,P,3
1,m,P,3
1,m,P,3
1,m,P,3
1,m,P,3
1,m,P,3
1,m,P,3
1,m,P,3
1,m,P,3
1,m,P,3
1,m,P,3
1,m,P,3
1,m,P,3
1,m,P,3
1,m,P,3
1,m,P,3
1,m,P,3
1,m,P,3
1,m,P,3
1,m,P,3
1,m,P,3
1,m,P,3
1,m,P,3
1,m,P,3
1,m,P,3
1,m,P,3
1,m,P,3
1,m,P,3
1,m,P,3
1,m,P,3
1,m,P,3
1,m,P,3
1,m,P,3
1,m,P,3
1,m,P,3
1,m,P,3
1,m,P,3
1,m,P,3
1,m,P,3
1,m,P,3
1,m,P,3
1,m,P,3
1,m,P,3
1,m,P,3
1,m,P,3
1,m,P,3
1,m,P,3
1,m,P,3
1,m,P,3
1,m,P,3
1,m,P,3
1,m,P,3
1,m,P,3
1,m,P,3
1,m,P,3
1,m,P,3
1,m,P,3
1,m,P,3
1,m,P,3
1,m,P,3
1,m,P,3
1,m,P,3
1,m,P,3
1,m,P,3
1,m,P,3
1,m,P,3
1,m,P,3
1,m,P,3
1,m,P,3
1,m,P,3
1,m,P,3
1,m,P,3
1,m,P,3
1,m,P,3
1,m,P,3
1,m,P,3
1,m,P,3
1,m,P,3
1,m,P,3
1,m,P,3
1,m,P,3
1,m,P,3
1,m,P,3
1,m,P,3
1,m,P,3
1,m,P,3
1,m,P,3
1,m,P,3
1,m,P,3
1,m,P,3
1,m,P,3
1,m,P,3
1,m,P,3
1,m,P,3
1,m,P,3
1,m,P,3
1,m,P,3
1,m,P,3
0,m,P,3
0,m,P,3
0,m,P,3
0,m,P,3
0,m,P,3
0,m,P,3
0,m,P,3
0,m,P,3
0,m,P,3
0,m,P,3
0,m,P,3
0,m,P,3
0,m,P,3
0,m,P,3
0,m,P,3
0,m,P,3
0,m,P,3
0,m,P,3
0,m,P,3
0,m,P,3
0,m,P,3
0,m,P,3
0,m,P,3
0,m,P,3
0,m,P,3
0,m,P,3
0,m,P,3
0,m,P,3
0,m,P,3
0,m,P,3
0,m,P,3
0,m,P,3
0,m,P,3
0,m,P,3
0,m,P,3
0,m,P,3
0,m,P,3
0,m,P,3
0,m,P,3
0,m,P,3
0,m,P,3
0,m,P,3
0,m,P,3
0,m,P,3
0,m,P,3
0,m,P,3
0,m,P,3
0,m,P,3
1,a,P,3
1,a,P,3
1,a,P,3
1,a,P,3
1,a,P,3
1,a,P,3
1,a,P,3
1,a,P,3
1,a,P,3
1,a,P,3
1,a,P,3
1,a,P,3
0,a,P,3
0,a,P,3
0,a,P,3
0,a,P,3
0,a,P,3
0,a,P,3
0,a,P,3
0,a,P,3
0,a,P,3
1,n,P,3
1,n,P,3
1,n,P,3
1,n,P,3
1,n,P,3
1,n,P,3
1,n,P,3
1,n,P,3
1,n,P,3
1,n,P,3
1,n,P,3
1,n,P,3
1,n,P,3
1,n,P,3
1,n,P,3
1,n,P,3
1,n,P,3
1,n,P,3
1,n,P,3
1,n,P,3
1,n,P,3
1,n,P,3
1,n,P,3
1,n,P,3
1,n,P,3
1,n,P,3
1,n,P,3
1,n,P,3
1,n,P,3
1,n,P,3
1,n,P,3
1,n,P,3
1,n,P,3
1,n,P,3
1,n,P,3
1,n,P,3
1,n,P,3
1,n,P,3
1,n,P,3
1,n,P,3
1,n,P,3
1,n,P,3
1,n,P,3
1,n,P,3
1,n,P,3
1,n,P,3
1,n,P,3
1,n,P,3
1,n,P,3
1,n,P,3
1,n,P,3
1,n,P,3
1,n,P,3
1,n,P,3
1,n,P,3
1,n,P,3
1,n,P,3
1,n,P,3
1,n,P,3
1,n,P,3
1,n,P,3
1,n,P,3
1,n,P,3
1,n,P,3
1,n,P,3
1,n,P,3
1,n,P,3
1,n,P,3
1,n,P,3
1,n,P,3
1,n,P,3
1,n,P,3
1,n,P,3
1,n,P,3
1,n,P,3
1,n,P,3
1,n,P,3
1,n,P,3
1,n,P,3
1,n,P,3
1,n,P,3
1,n,P,3
1,n,P,3
1,n,P,3
1,n,P,3
1,n,P,3
1,n,P,3
1,n,P,3
1,n,P,3
1,n,P,3
1,n,P,3
1,n,P,3
1,n,P,3
1,n,P,3
1,n,P,3
1,n,P,3
1,n,P,3
1,n,P,3
1,n,P,3
1,n,P,3
1,n,P,3
1,n,P,3
1,n,P,3
1,n,P,3
1,n,P,3
0,n,P,3
0,n,P,3
0,n,P,3
0,n,P,3
0,n,P,3
0,n,P,3
0,n,P,3
0,n,P,3
0,n,P,3
0,n,P,3
0,n,P,3
0,n,P,3
0,n,P,3
0,n,P,3
0,n,P,3
0,n,P,3
0,n,P,3
0,n,P,3
0,n,P,3
0,n,P,3
0,n,P,3
0,n,P,3
0,n,P,3
0,n,P,3
0,n,P,3
0,n,P,3
0,n,P,3
0,n,P,3
0,n,P,3
0,n,P,3
0,n,P,3
0,n,P,3
0,n,P,3
0,n,P,3
0,n,P,3
0,n,P,3
0,n,P,3
0,n,P,3
0,n,P,3
0,n,P,3
0,n,P,3
0,n,P,3
0,n,P,3
0,n,P,3
0,n,P,3
0,n,P,3
1,m,C,4
1,m,C,4
1,m,C,4
1,m,C,4
1,m,C,4
1,m,C,4
1,m,C,4
1,m,C,4
1,m,C,4
1,m,C,4
1,m,C,4
1,m,C,4
1,m,C,4
1,m,C,4
1,m,C,4
1,m,C,4
1,m,C,4
1,m,C,4
1,m,C,4
1,m,C,4
1,m,C,4
1,m,C,4
1,m,C,4
1,m,C,4
1,m,C,4
1,m,C,4
1,m,C,4
1,m,C,4
1,m,C,4
1,m,C,4
1,m,C,4
1,m,C,4
1,m,C,4
1,m,C,4
1,m,C,4
1,m,C,4
1,m,C,4
1,m,C,4
1,m,C,4
1,m,C,4
1,m,C,4
1,m,C,4
1,m,C,4
1,m,C,4
1,m,C,4
1,m,C,4
1,m,C,4
1,m,C,4
1,m,C,4
1,m,C,4
1,m,C,4
1,m,C,4
1,m,C,4
1,m,C,4
1,m,C,4
1,m,C,4
1,m,C,4
1,m,C,4
1,m,C,4
1,m,C,4
1,m,C,4
1,m,C,4
1,m,C,4
1,m,C,4
1,m,C,4
1,m,C,4
1,m,C,4
1,m,C,4
1,m,C,4
1,m,C,4
1,m,C,4
1,m,C,4
1,m,C,4
1,m,C,4
1,m,C,4
1,m,C,4
1,m,C,4
1,m,C,4
1,m,C,4
1,m,C,4
1,m,C,4
1,m,C,4
1,m,C,4
1,m,C,4
1,m,C,4
1,m,C,4
1,m,C,4
1,m,C,4
1,m,C,4
1,m,C,4
1,m,C,4
1,m,C,4
1,m,C,4
1,m,C,4
1,m,C,4
1,m,C,4
1,m,C,4
1,m,C,4
1,m,C,4
1,m,C,4
1,m,C,4
1,m,C,4
1,m,C,4
1,m,C,4
1,m,C,4
1,m,C,4
1,m,C,4
1,m,C,4
1,m,C,4
1,m,C,4
1,m,C,4
1,m,C,4
1,m,C,4
1,m,C,4
1,m,C,4
1,m,C,4
1,m,C,4
1,m,C,4
1,m,C,4
1,m,C,4
1,m,C,4
1,m,C,4
1,m,C,4
1,m,C,4
1,m,C,4
1,m,C,4
1,m,C,4
1,m,C,4
1,m,C,4
1,m,C,4
1,m,C,4
1,m,C,4
1,m,C,4
1,m,C,4
1,m,C,4
1,m,C,4
1,m,C,4
1,m,C,4
1,m,C,4
1,m,C,4
1,m,C,4
1,m,C,4
1,m,C,4
1,m,C,4
1,m,C,4
1,m,C,4
1,m,C,4
1,m,C,4
1,m,C,4
1,m,C,4
1,m,C,4
1,m,C,4
1,m,C,4
1,m,C,4
1,m,C,4
1,m,C,4
1,m,C,4
1,m,C,4
1,m,C,4
1,m,C,4
1,m,C,4
1,m,C,4
1,m,C,4
1,m,C,4
1,m,C,4
1,m,C,4
1,m,C,4
1,m,C,4
1,m,C,4
1,m,C,4
1,m,C,4
1,m,C,4
1,m,C,4
1,m,C,4
1,m,C,4
1,m,C,4
1,m,C,4
1,m,C,4
1,m,C,4
1,m,C,4
1,m,C,4
1,m,C,4
1,m,C,4
1,m,C,4
1,m,C,4
1,m,C,4
1,m,C,4
1,m,C,4
1,m,C,4
1,m,C,4
1,m,C,4
1,m,C,4
1,m,C,4
1,m,C,4
1,m,C,4
1,m,C,4
1,m,C,4
1,m,C,4
1,m,C,4
1,m,C,4
1,m,C,4
1,m,C,4
1,m,C,4
1,m,C,4
1,m,C,4
1,m,C,4
1,m,C,4
1,m,C,4
1,m,C,4
1,m,C,4
1,m,C,4
1,m,C,4
1,m,C,4
1,m,C,4
1,m,C,4
1,m,C,4
1,m,C,4
1,m,C,4
1,m,C,4
1,m,C,4
1,m,C,4
1,m,C,4
1,m,C,4
1,m,C,4
1,m,C,4
1,m,C,4
1,m,C,4
1,m,C,4
1,m,C,4
1,m,C,4
1,m,C,4
1,m,C,4
1,m,C,4
1,m,C,4
1,m,C,4
1,m,C,4
1,m,C,4
1,m,C,4
1,m,C,4
1,m,C,4
1,m,C,4
1,m,C,4
1,m,C,4
1,m,C,4
1,m,C,4
1,m,C,4
1,m,C,4
1,m,C,4
1,m,C,4
1,m,C,4
1,m,C,4
1,m,C,4
1,m,C,4
1,m,C,4
1,m,C,4
1,m,C,4
1,m,C,4
1,m,C,4
1,m,C,4
1,m,C,4
1,m,C,4
1,m,C,4
1,m,C,4
1,m,C,4
1,m,C,4
1,m,C,4
1,m,C,4
1,m,C,4
1,m,C,4
1,m,C,4
1,m,C,4
1,m,C,4
1,m,C,4
1,m,C,4
1,m,C,4
1,m,C,4
1,m,C,4
1,m,C,4
1,m,C,4
1,m,C,4
1,m,C,4
1,m,C,4
1,m,C,4
1,m,C,4
1,m,C,4
1,m,C,4
1,m,C,4
1,m,C,4
1,m,C,4
1,m,C,4
1,m,C,4
1,m,C,4
1,m,C,4
1,m,C,4
1,m,C,4
1,m,C,4
1,m,C,4
1,m,C,4
1,m,C,4
1,m,C,4
1,m,C,4
1,m,C,4
1,m,C,4
1,m,C,4
1,m,C,4
1,m,C,4
1,m,C,4
1,m,C,4
1,m,C,4
1,m,C,4
1,m,C,4
1,m,C,4
1,m,C,4
1,m,C,4
1,m,C,4
1,m,C,4
1,m,C,4
1,m,C,4
1,m,C,4
1,m,C,4
1,m,C,4
1,m,C,4
1,m,C,4
1,m,C,4
1,m,C,4
1,m,C,4
1,m,C,4
1,m,C,4
1,m,C,4
1,m,C,4
1,m,C,4
1,m,C,4
1,m,C,4
1,m,C,4
1,m,C,4
1,m,C,4
1,m,C,4
1,m,C,4
1,m,C,4
1,m,C,4
1,m,C,4
1,m,C,4
1,m,C,4
1,m,C,4
1,m,C,4
1,m,C,4
1,m,C,4
1,m,C,4
1,m,C,4
1,m,C,4
1,m,C,4
1,m,C,4
1,m,C,4
1,m,C,4
1,m,C,4
1,m,C,4
1,m,C,4
1,m,C,4
1,m,C,4
1,m,C,4
1,m,C,4
1,m,C,4
1,m,C,4
1,m,C,4
1,m,C,4
1,m,C,4
1,m,C,4
1,m,C,4
1,m,C,4
1,m,C,4
1,m,C,4
1,m,C,4
1,m,C,4
1,m,C,4
1,m,C,4
1,m,C,4
1,m,C,4
1,m,C,4
1,m,C,4
1,m,C,4
1,m,C,4
1,m,C,4
1,m,C,4
1,m,C,4
1,m,C,4
1,m,C,4
1,m,C,4
1,m,C,4
1,m,C,4
1,m,C,4
1,m,C,4
1,m,C,4
1,m,C,4
1,m,C,4
1,m,C,4
1,m,C,4
1,m,C,4
1,m,C,4
1,m,C,4
1,m,C,4
1,m,C,4
1,m,C,4
1,m,C,4
1,m,C,4
1,m,C,4
1,m,C,4
1,m,C,4
1,m,C,4
1,m,C,4
1,m,C,4
1,m,C,4
1,m,C,4
1,m,C,4
1,m,C,4
1,m,C,4
1,m,C,4
1,m,C,4
1,m,C,4
1,m,C,4
1,m,C,4
1,m,C,4
1,m,C,4
1,m,C,4
1,m,C,4
1,m,C,4
1,m,C,4
1,m,C,4
1,m,C,4
1,m,C,4
1,m,C,4
1,m,C,4
1,m,C,4
1,m,C,4
1,m,C,4
1,m,C,4
1,m,C,4
1,m,C,4
1,m,C,4
1,m,C,4
1,m,C,4
1,m,C,4
1,m,C,4
1,m,C,4
1,m,C,4
1,m,C,4
1,m,C,4
1,m,C,4
1,m,C,4
1,m,C,4
1,m,C,4
1,m,C,4
1,m,C,4
1,m,C,4
1,m,C,4
1,m,C,4
1,m,C,4
1,m,C,4
1,m,C,4
1,m,C,4
1,m,C,4
1,m,C,4
1,m,C,4
1,m,C,4
1,m,C,4
1,m,C,4
1,m,C,4
1,m,C,4
1,m,C,4
1,m,C,4
1,m,C,4
1,m,C,4
1,m,C,4
1,m,C,4
1,m,C,4
1,m,C,4
1,m,C,4
1,m,C,4
1,m,C,4
1,m,C,4
1,m,C,4
1,m,C,4
1,m,C,4
1,m,C,4
1,m,C,4
1,m,C,4
1,m,C,4
1,m,C,4
1,m,C,4
1,m,C,4
1,m,C,4
1,m,C,4
1,m,C,4
1,m,C,4
1,m,C,4
1,m,C,4
1,m,C,4
1,m,C,4
1,m,C,4
1,m,C,4
1,m,C,4
1,m,C,4
1,m,C,4
1,m,C,4
1,m,C,4
1,m,C,4
1,m,C,4
1,m,C,4
1,m,C,4
1,m,C,4
1,m,C,4
1,m,C,4
1,m,C,4
1,m,C,4
1,m,C,4
1,m,C,4
1,m,C,4
1,m,C,4
1,m,C,4
1,m,C,4
1,m,C,4
1,m,C,4
1,m,C,4
1,m,C,4
1,m,C,4
1,m,C,4
1,m,C,4
1,m,C,4
1,m,C,4
1,m,C,4
1,m,C,4
1,m,C,4
1,m,C,4
1,m,C,4
1,m,C,4
1,m,C,4
1,m,C,4
1,m,C,4
1,m,C,4
1,m,C,4
1,m,C,4
1,m,C,4
1,m,C,4
1,m,C,4
1,m,C,4
1,m,C,4
1,m,C,4
1,m,C,4
1,m,C,4
1,m,C,4
1,m,C,4
1,m,C,4
1,m,C,4
1,m,C,4
1,m,C,4
1,m,C,4
1,m,C,4
1,m,C,4
1,m,C,4
1,m,C,4
1,m,C,4
1,m,C,4
1,m,C,4
1,m,C,4
1,m,C,4
1,m,C,4
1,m,C,4
1,m,C,4
1,m,C,4
1,m,C,4
1,m,C,4
1,m,C,4
1,m,C,4
1,m,C,4
1,m,C,4
1,m,C,4
1,m,C,4
1,m,C,4
1,m,C,4
1,m,C,4
1,m,C,4
1,m,C,4
1,m,C,4
0,m,C,4
0,m,C,4
0,m,C,4
0,m,C,4
0,m,C,4
0,m,C,4
0,m,C,4
0,m,C,4
0,m,C,4
0,m,C,4
0,m,C,4
0,m,C,4
0,m,C,4
0,m,C,4
0,m,C,4
0,m,C,4
0,m,C,4
0,m,C,4
0,m,C,4
0,m,C,4
0,m,C,4
0,m,C,4
0,m,C,4
0,m,C,4
0,m,C,4
0,m,C,4
0,m,C,4
0,m,C,4
0,m,C,4
0,m,C,4
0,m,C,4
0,m,C,4
0,m,C,4
0,m,C,4
0,m,C,4
0,m,C,4
0,m,C,4
0,m,C,4
0,m,C,4
0,m,C,4
0,m,C,4
0,m,C,4
0,m,C,4
0,m,C,4
0,m,C,4
0,m,C,4
0,m,C,4
0,m,C,4
0,m,C,4
0,m,C,4
0,m,C,4
0,m,C,4
0,m,C,4
0,m,C,4
0,m,C,4
0,m,C,4
0,m,C,4
0,m,C,4
0,m,C,4
0,m,C,4
0,m,C,4
0,m,C,4
0,m,C,4
0,m,C,4
0,m,C,4
0,m,C,4
0,m,C,4
0,m,C,4
0,m,C,4
0,m,C,4
0,m,C,4
0,m,C,4
0,m,C,4
0,m,C,4
0,m,C,4
0,m,C,4
0,m,C,4
0,m,C,4
0,m,C,4
0,m,C,4
0,m,C,4
0,m,C,4
0,m,C,4
0,m,C,4
0,m,C,4
0,m,C,4
0,m,C,4
0,m,C,4
0,m,C,4
0,m,C,4
0,m,C,4
0,m,C,4
0,m,C,4
0,m,C,4
0,m,C,4
0,m,C,4
0,m,C,4
0,m,C,4
0,m,C,4
0,m,C,4
0,m,C,4
0,m,C,4
0,m,C,4
0,m,C,4
0,m,C,4
0,m,C,4
0,m,C,4
0,m,C,4
0,m,C,4
0,m,C,4
0,m,C,4
0,m,C,4
0,m,C,4
0,m,C,4
0,m,C,4
0,m,C,4
0,m,C,4
0,m,C,4
0,m,C,4
0,m,C,4
0,m,C,4
0,m,C,4
0,m,C,4
0,m,C,4
0,m,C,4
0,m,C,4
0,m,C,4
0,m,C,4
0,m,C,4
0,m,C,4
0,m,C,4
0,m,C,4
0,m,C,4
0,m,C,4
0,m,C,4
0,m,C,4
0,m,C,4
0,m,C,4
0,m,C,4
0,m,C,4
0,m,C,4
0,m,C,4
0,m,C,4
0,m,C,4
0,m,C,4
0,m,C,4
0,m,C,4
0,m,C,4
0,m,C,4
0,m,C,4
0,m,C,4
0,m,C,4
0,m,C,4
0,m,C,4
0,m,C,4
0,m,C,4
0,m,C,4
0,m,C,4
0,m,C,4
0,m,C,4
0,m,C,4
0,m,C,4
0,m,C,4
0,m,C,4
0,m,C,4
0,m,C,4
0,m,C,4
0,m,C,4
0,m,C,4
0,m,C,4
0,m,C,4
0,m,C,4
0,m,C,4
0,m,C,4
0,m,C,4
0,m,C,4
0,m,C,4
0,m,C,4
0,m,C,4
0,m,C,4
0,m,C,4
0,m,C,4
0,m,C,4
0,m,C,4
0,m,C,4
0,m,C,4
0,m,C,4
0,m,C,4
0,m,C,4
0,m,C,4
0,m,C,4
0,m,C,4
0,m,C,4
0,m,C,4
0,m,C,4
0,m,C,4
0,m,C,4
0,m,C,4
0,m,C,4
0,m,C,4
0,m,C,4
0,m,C,4
0,m,C,4
0,m,C,4
0,m,C,4
0,m,C,4
0,m,C,4
0,m,C,4
0,m,C,4
0,m,C,4
0,m,C,4
0,m,C,4
0,m,C,4
0,m,C,4
0,m,C,4
0,m,C,4
0,m,C,4
0,m,C,4
0,m,C,4
0,m,C,4
0,m,C,4
0,m,C,4
0,m,C,4
0,m,C,4
0,m,C,4
0,m,C,4
0,m,C,4
0,m,C,4
0,m,C,4
0,m,C,4
0,m,C,4
0,m,C,4
0,m,C,4
0,m,C,4
0,m,C,4
0,m,C,4
0,m,C,4
0,m,C,4
0,m,C,4
0,m,C,4
0,m,C,4
0,m,C,4
0,m,C,4
0,m,C,4
0,m,C,4
0,m,C,4
0,m,C,4
0,m,C,4
0,m,C,4
0,m,C,4
0,m,C,4
0,m,C,4
0,m,C,4
0,m,C,4
0,m,C,4
0,m,C,4
0,m,C,4
0,m,C,4
0,m,C,4
0,m,C,4
0,m,C,4
0,m,C,4
0,m,C,4
0,m,C,4
0,m,C,4
0,m,C,4
0,m,C,4
0,m,C,4
0,m,C,4
0,m,C,4
0,m,C,4
0,m,C,4
0,m,C,4
0,m,C,4
0,m,C,4
0,m,C,4
0,m,C,4
0,m,C,4
0,m,C,4
0,m,C,4
0,m,C,4
0,m,C,4
0,m,C,4
0,m,C,4
0,m,C,4
0,m,C,4
0,m,C,4
0,m,C,4
0,m,C,4
0,m,C,4
0,m,C,4
0,m,C,4
0,m,C,4
0,m,C,4
0,m,C,4
0,m,C,4
0,m,C,4
0,m,C,4
0,m,C,4
0,m,C,4
0,m,C,4
0,m,C,4
0,m,C,4
0,m,C,4
0,m,C,4
0,m,C,4
0,m,C,4
0,m,C,4
0,m,C,4
0,m,C,4
0,m,C,4
0,m,C,4
0,m,C,4
0,m,C,4
0,m,C,4
0,m,C,4
0,m,C,4
0,m,C,4
0,m,C,4
0,m,C,4
0,m,C,4
0,m,C,4
0,m,C,4
0,m,C,4
0,m,C,4
0,m,C,4
0,m,C,4
0,m,C,4
0,m,C,4
0,m,C,4
0,m,C,4
0,m,C,4
0,m,C,4
0,m,C,4
0,m,C,4
0,m,C,4
0,m,C,4
0,m,C,4
0,m,C,4
0,m,C,4
0,m,C,4
0,m,C,4
0,m,C,4
0,m,C,4
0,m,C,4
0,m,C,4
0,m,C,4
0,m,C,4
0,m,C,4
0,m,C,4
0,m,C,4
0,m,C,4
0,m,C,4
0,m,C,4
0,m,C,4
0,m,C,4
0,m,C,4
0,m,C,4
0,m,C,4
0,m,C,4
0,m,C,4
0,m,C,4
0,m,C,4
0,m,C,4
0,m,C,4
0,m,C,4
0,m,C,4
0,m,C,4
0,m,C,4
0,m,C,4
0,m,C,4
0,m,C,4
0,m,C,4
0,m,C,4
0,m,C,4
0,m,C,4
0,m,C,4
0,m,C,4
0,m,C,4
0,m,C,4
0,m,C,4
0,m,C,4
0,m,C,4
0,m,C,4
0,m,C,4
0,m,C,4
0,m,C,4
0,m,C,4
0,m,C,4
0,m,C,4
0,m,C,4
0,m,C,4
0,m,C,4
0,m,C,4
0,m,C,4
0,m,C,4
0,m,C,4
0,m,C,4
0,m,C,4
0,m,C,4
0,m,C,4
0,m,C,4
0,m,C,4
0,m,C,4
0,m,C,4
0,m,C,4
0,m,C,4
0,m,C,4
0,m,C,4
0,m,C,4
0,m,C,4
0,m,C,4
0,m,C,4
0,m,C,4
0,m,C,4
0,m,C,4
0,m,C,4
0,m,C,4
0,m,C,4
0,m,C,4
0,m,C,4
0,m,C,4
0,m,C,4
0,m,C,4
0,m,C,4
0,m,C,4
0,m,C,4
0,m,C,4
0,m,C,4
0,m,C,4
0,m,C,4
0,m,C,4
0,m,C,4
0,m,C,4
0,m,C,4
0,m,C,4
0,m,C,4
0,m,C,4
0,m,C,4
0,m,C,4
0,m,C,4
0,m,C,4
0,m,C,4
0,m,C,4
0,m,C,4
0,m,C,4
0,m,C,4
0,m,C,4
0,m,C,4
0,m,C,4
0,m,C,4
0,m,C,4
0,m,C,4
0,m,C,4
0,m,C,4
0,m,C,4
0,m,C,4
0,m,C,4
0,m,C,4
0,m,C,4
0,m,C,4
0,m,C,4
0,m,C,4
0,m,C,4
0,m,C,4
0,m,C,4
0,m,C,4
0,m,C,4
0,m,C,4
0,m,C,4
0,m,C,4
0,m,C,4
0,m,C,4
0,m,C,4
0,m,C,4
0,m,C,4
0,m,C,4
0,m,C,4
0,m,C,4
0,m,C,4
0,m,C,4
0,m,C,4
0,m,C,4
0,m,C,4
0,m,C,4
0,m,C,4
0,m,C,4
0,m,C,4
0,m,C,4
0,m,C,4
0,m,C,4
0,m,C,4
0,m,C,4
0,m,C,4
0,m,C,4
0,m,C,4
0,m,C,4
0,m,C,4
0,m,C,4
0,m,C,4
0,m,C,4
0,m,C,4
0,m,C,4
0,m,C,4
0,m,C,4
0,m,C,4
0,m,C,4
0,m,C,4
0,m,C,4
0,m,C,4
0,m,C,4
0,m,C,4
0,m,C,4
0,m,C,4
0,m,C,4
0,m,C,4
0,m,C,4
0,m,C,4
0,m,C,4
0,m,C,4
0,m,C,4
0,m,C,4
0,m,C,4
0,m,C,4
0,m,C,4
0,m,C,4
0,m,C,4
0,m,C,4
0,m,C,4
0,m,C,4
0,m,C,4
0,m,C,4
0,m,C,4
0,m,C,4
0,m,C,4
0,m,C,4
0,m,C,4
0,m,C,4
0,m,C,4
0,m,C,4
0,m,C,4
0,m,C,4
0,m,C,4
0,m,C,4
0,m,C,4
0,m,C,4
0,m,C,4
1,v,C,4
1,v,C,4
1,v,C,4
1,v,C,4
0,v,C,4
0,v,C,4
0,v,C,4
0,v,C,4
0,v,C,4
0,v,C,4
0,v,C,4
0,v,C,4
0,v,C,4
1,d,C,4
1,d,C,4
1,d,C,4
1,d,C,4
1,d,C,4
1,d,C,4
1,d,C,4
1,d,C,4
1,d,C,4
1,d,C,4
1,d,C,4
1,d,C,4
1,d,C,4
1,d,C,4
1,d,C,4
1,d,C,4
1,d,C,4
1,d,C,4
1,d,C,4
1,d,C,4
1,d,C,4
1,d,C,4
1,d,C,4
1,d,C,4
1,d,C,4
1,d,C,4
1,d,C,4
1,d,C,4
1,d,C,4
1,d,C,4
1,d,C,4
1,d,C,4
1,d,C,4
1,d,C,4
1,d,C,4
1,d,C,4
1,d,C,4
1,d,C,4
1,d,C,4
1,d,C,4
1,d,C,4
1,d,C,4
1,d,C,4
1,d,C,4
1,d,C,4
1,d,C,4
1,d,C,4
1,d,C,4
1,d,C,4
1,d,C,4
1,d,C,4
1,d,C,4
1,d,C,4
1,d,C,4
1,d,C,4
1,d,C,4
1,d,C,4
1,d,C,4
1,d,C,4
1,d,C,4
1,d,C,4
1,d,C,4
1,d,C,4
1,d,C,4
1,d,C,4
1,d,C,4
1,d,C,4
1,d,C,4
1,d,C,4
1,d,C,4
1,d,C,4
1,d,C,4
1,d,C,4
1,d,C,4
1,d,C,4
1,d,C,4
1,d,C,4
1,d,C,4
1,d,C,4
1,d,C,4
1,d,C,4
1,d,C,4
1,d,C,4
1,d,C,4
1,d,C,4
1,d,C,4
1,d,C,4
1,d,C,4
1,d,C,4
1,d,C,4
1,d,C,4
1,d,C,4
1,d,C,4
1,d,C,4
1,d,C,4
1,d,C,4
1,d,C,4
1,d,C,4
1,d,C,4
1,d,C,4
1,d,C,4
1,d,C,4
1,d,C,4
1,d,C,4
1,d,C,4
1,d,C,4
1,d,C,4
1,d,C,4
1,d,C,4
1,d,C,4
1,d,C,4
1,d,C,4
1,d,C,4
1,d,C,4
1,d,C,4
1,d,C,4
1,d,C,4
1,d,C,4
1,d,C,4
1,d,C,4
1,d,C,4
1,d,C,4
1,d,C,4
1,d,C,4
1,d,C,4
1,d,C,4
1,d,C,4
1,d,C,4
1,d,C,4
1,d,C,4
1,d,C,4
1,d,C,4
1,d,C,4
1,d,C,4
1,d,C,4
1,d,C,4
1,d,C,4
1,d,C,4
1,d,C,4
1,d,C,4
1,d,C,4
1,d,C,4
1,d,C,4
1,d,C,4
1,d,C,4
1,d,C,4
1,d,C,4
1,d,C,4
1,d,C,4
1,d,C,4
1,d,C,4
1,d,C,4
1,d,C,4
1,d,C,4
1,d,C,4
1,d,C,4
1,d,C,4
1,d,C,4
1,d,C,4
1,d,C,4
1,d,C,4
1,d,C,4
1,d,C,4
1,d,C,4
1,d,C,4
1,d,C,4
1,d,C,4
1,d,C,4
1,d,C,4
1,d,C,4
1,d,C,4
1,d,C,4
1,d,C,4
1,d,C,4
1,d,C,4
1,d,C,4
1,d,C,4
1,d,C,4
1,d,C,4
1,d,C,4
1,d,C,4
1,d,C,4
1,d,C,4
1,d,C,4
1,d,C,4
1,d,C,4
1,d,C,4
1,d,C,4
1,d,C,4
1,d,C,4
1,d,C,4
1,d,C,4
1,d,C,4
1,d,C,4
1,d,C,4
1,d,C,4
1,d,C,4
1,d,C,4
1,d,C,4
1,d,C,4
1,d,C,4
1,d,C,4
1,d,C,4
1,d,C,4
1,d,C,4
1,d,C,4
1,d,C,4
1,d,C,4
1,d,C,4
1,d,C,4
1,d,C,4
1,d,C,4
1,d,C,4
1,d,C,4
1,d,C,4
1,d,C,4
1,d,C,4
1,d,C,4
1,d,C,4
1,d,C,4
1,d,C,4
1,d,C,4
1,d,C,4
1,d,C,4
1,d,C,4
1,d,C,4
0,d,C,4
0,d,C,4
0,d,C,4
0,d,C,4
0,d,C,4
0,d,C,4
0,d,C,4
0,d,C,4
0,d,C,4
0,d,C,4
0,d,C,4
0,d,C,4
0,d,C,4
0,d,C,4
0,d,C,4
0,d,C,4
0,d,C,4
0,d,C,4
0,d,C,4
0,d,C,4
0,d,C,4
0,d,C,4
0,d,C,4
0,d,C,4
0,d,C,4
0,d,C,4
0,d,C,4
0,d,C,4
0,d,C,4
0,d,C,4
0,d,C,4
0,d,C,4
0,d,C,4
0,d,C,4
0,d,C,4
0,d,C,4
0,d,C,4
0,d,C,4
0,d,C,4
0,d,C,4
0,d,C,4
0,d,C,4
0,d,C,4
0,d,C,4
0,d,C,4
0,d,C,4
0,d,C,4
0,d,C,4
0,d,C,4
0,d,C,4
0,d,C,4
0,d,C,4
0,d,C,4
0,d,C,4
0,d,C,4
0,d,C,4
0,d,C,4
0,d,C,4
0,d,C,4
0,d,C,4
0,d,C,4
0,d,C,4
0,d,C,4
0,d,C,4
0,d,C,4
0,d,C,4
0,d,C,4
0,d,C,4
0,d,C,4
0,d,C,4
0,d,C,4
0,d,C,4
0,d,C,4
0,d,C,4
0,d,C,4
0,d,C,4
0,d,C,4
0,d,C,4
0,d,C,4
0,d,C,4
0,d,C,4
0,d,C,4
0,d,C,4
0,d,C,4
0,d,C,4
0,d,C,4
0,d,C,4
0,d,C,4
0,d,C,4
0,d,C,4
0,d,C,4
0,d,C,4
0,d,C,4
0,d,C,4
0,d,C,4
0,d,C,4
0,d,C,4
0,d,C,4
0,d,C,4
0,d,C,4
0,d,C,4
0,d,C,4
0,d,C,4
0,d,C,4
0,d,C,4
0,d,C,4
0,d,C,4
0,d,C,4
0,d,C,4
0,d,C,4
0,d,C,4
0,d,C,4
0,d,C,4
0,d,C,4
0,d,C,4
0,d,C,4
0,d,C,4
0,d,C,4
0,d,C,4
0,d,C,4
0,d,C,4
0,d,C,4
0,d,C,4
0,d,C,4
0,d,C,4
0,d,C,4
0,d,C,4
0,d,C,4
0,d,C,4
0,d,C,4
0,d,C,4
0,d,C,4
0,d,C,4
0,d,C,4
0,d,C,4
0,d,C,4
0,d,C,4
0,d,C,4
0,d,C,4
0,d,C,4
0,d,C,4
0,d,C,4
0,d,C,4
0,d,C,4
0,d,C,4
0,d,C,4
0,d,C,4
0,d,C,4
0,d,C,4
0,d,C,4
0,d,C,4
0,d,C,4
0,d,C,4
0,d,C,4
0,d,C,4
0,d,C,4
0,d,C,4
0,d,C,4
0,d,C,4
0,d,C,4
0,d,C,4
0,d,C,4
0,d,C,4
0,d,C,4
0,d,C,4
0,d,C,4
0,d,C,4
0,d,C,4
0,d,C,4
0,d,C,4
0,d,C,4
0,d,C,4
0,d,C,4
0,d,C,4
0,d,C,4
0,d,C,4
0,d,C,4
0,d,C,4
0,d,C,4
0,d,C,4
0,d,C,4
0,d,C,4
0,d,C,4
0,d,C,4
0,d,C,4
0,d,C,4
0,d,C,4
0,d,C,4
0,d,C,4
0,d,C,4
0,d,C,4
0,d,C,4
0,d,C,4
0,d,C,4
0,d,C,4
0,d,C,4
0,d,C,4
1,a,C,4
1,a,C,4
1,a,C,4
1,a,C,4
1,a,C,4
1,a,C,4
1,a,C,4
1,a,C,4
1,a,C,4
1,a,C,4
1,a,C,4
1,a,C,4
1,a,C,4
1,a,C,4
1,a,C,4
1,a,C,4
1,a,C,4
1,a,C,4
1,a,C,4
1,a,C,4
1,a,C,4
1,a,C,4
1,a,C,4
1,a,C,4
1,a,C,4
1,a,C,4
1,a,C,4
1,a,C,4
1,a,C,4
1,a,C,4
1,a,C,4
1,a,C,4
1,a,C,4
1,a,C,4
1,a,C,4
1,a,C,4
1,a,C,4
1,a,C,4
1,a,C,4
1,a,C,4
1,a,C,4
1,a,C,4
1,a,C,4
1,a,C,4
1,a,C,4
1,a,C,4
1,a,C,4
1,a,C,4
1,a,C,4
1,a,C,4
1,a,C,4
1,a,C,4
1,a,C,4
1,a,C,4
1,a,C,4
1,a,C,4
1,a,C,4
1,a,C,4
1,a,C,4
1,a,C,4
1,a,C,4
1,a,C,4
1,a,C,4
1,a,C,4
1,a,C,4
1,a,C,4
1,a,C,4
1,a,C,4
1,a,C,4
1,a,C,4
1,a,C,4
1,a,C,4
1,a,C,4
1,a,C,4
1,a,C,4
1,a,C,4
1,a,C,4
1,a,C,4
1,a,C,4
1,a,C,4
1,a,C,4
1,a,C,4
1,a,C,4
1,a,C,4
1,a,C,4
1,a,C,4
1,a,C,4
0,a,C,4
0,a,C,4
0,a,C,4
0,a,C,4
0,a,C,4
0,a,C,4
0,a,C,4
0,a,C,4
0,a,C,4
0,a,C,4
0,a,C,4
0,a,C,4
0,a,C,4
0,a,C,4
0,a,C,4
0,a,C,4
0,a,C,4
0,a,C,4
0,a,C,4
0,a,C,4
0,a,C,4
0,a,C,4
0,a,C,4
0,a,C,4
0,a,C,4
0,a,C,4
0,a,C,4
0,a,C,4
0,a,C,4
0,a,C,4
0,a,C,4
0,a,C,4
0,a,C,4
0,a,C,4
0,a,C,4
0,a,C,4
0,a,C,4
0,a,C,4
0,a,C,4
0,a,C,4
0,a,C,4
0,a,C,4
0,a,C,4
0,a,C,4
0,a,C,4
0,a,C,4
0,a,C,4
0,a,C,4
0,a,C,4
0,a,C,4
0,a,C,4
0,a,C,4
0,a,C,4
0,a,C,4
0,a,C,4
0,a,C,4
0,a,C,4
0,a,C,4
0,a,C,4
0,a,C,4
0,a,C,4
0,a,C,4
0,a,C,4
0,a,C,4
0,a,C,4
0,a,C,4
0,a,C,4
0,a,C,4
0,a,C,4
0,a,C,4
0,a,C,4
0,a,C,4
0,a,C,4
0,a,C,4
0,a,C,4
0,a,C,4
1,n,C,4
1,n,C,4
1,n,C,4
1,n,C,4
1,n,C,4
1,n,C,4
1,n,C,4
1,n,C,4
1,n,C,4
1,n,C,4
1,n,C,4
1,n,C,4
1,n,C,4
1,n,C,4
1,n,C,4
1,n,C,4
1,n,C,4
1,n,C,4
1,n,C,4
1,n,C,4
1,n,C,4
1,n,C,4
1,n,C,4
1,n,C,4
1,n,C,4
1,n,C,4
1,n,C,4
1,n,C,4
1,n,C,4
1,n,C,4
1,n,C,4
1,n,C,4
1,n,C,4
1,n,C,4
1,n,C,4
1,n,C,4
1,n,C,4
1,n,C,4
1,n,C,4
1,n,C,4
1,n,C,4
1,n,C,4
1,n,C,4
1,n,C,4
1,n,C,4
1,n,C,4
1,n,C,4
1,n,C,4
1,n,C,4
1,n,C,4
1,n,C,4
1,n,C,4
1,n,C,4
1,n,C,4
1,n,C,4
1,n,C,4
1,n,C,4
1,n,C,4
1,n,C,4
1,n,C,4
1,n,C,4
1,n,C,4
1,n,C,4
1,n,C,4
1,n,C,4
1,n,C,4
1,n,C,4
1,n,C,4
1,n,C,4
1,n,C,4
1,n,C,4
1,n,C,4
1,n,C,4
1,n,C,4
1,n,C,4
1,n,C,4
1,n,C,4
1,n,C,4
1,n,C,4
1,n,C,4
1,n,C,4
1,n,C,4
1,n,C,4
1,n,C,4
1,n,C,4
1,n,C,4
1,n,C,4
1,n,C,4
1,n,C,4
1,n,C,4
1,n,C,4
1,n,C,4
1,n,C,4
1,n,C,4
1,n,C,4
1,n,C,4
1,n,C,4
1,n,C,4
1,n,C,4
1,n,C,4
1,n,C,4
1,n,C,4
1,n,C,4
1,n,C,4
1,n,C,4
1,n,C,4
1,n,C,4
1,n,C,4
1,n,C,4
1,n,C,4
1,n,C,4
1,n,C,4
1,n,C,4
1,n,C,4
1,n,C,4
1,n,C,4
1,n,C,4
1,n,C,4
1,n,C,4
1,n,C,4
1,n,C,4
1,n,C,4
1,n,C,4
1,n,C,4
1,n,C,4
1,n,C,4
1,n,C,4
1,n,C,4
1,n,C,4
1,n,C,4
1,n,C,4
1,n,C,4
1,n,C,4
1,n,C,4
1,n,C,4
1,n,C,4
1,n,C,4
1,n,C,4
1,n,C,4
1,n,C,4
1,n,C,4
1,n,C,4
1,n,C,4
1,n,C,4
1,n,C,4
1,n,C,4
1,n,C,4
1,n,C,4
1,n,C,4
1,n,C,4
1,n,C,4
1,n,C,4
1,n,C,4
1,n,C,4
1,n,C,4
1,n,C,4
1,n,C,4
1,n,C,4
1,n,C,4
1,n,C,4
1,n,C,4
1,n,C,4
1,n,C,4
1,n,C,4
1,n,C,4
1,n,C,4
1,n,C,4
1,n,C,4
1,n,C,4
1,n,C,4
1,n,C,4
1,n,C,4
1,n,C,4
1,n,C,4
1,n,C,4
1,n,C,4
1,n,C,4
1,n,C,4
1,n,C,4
1,n,C,4
1,n,C,4
1,n,C,4
1,n,C,4
1,n,C,4
1,n,C,4
1,n,C,4
1,n,C,4
1,n,C,4
1,n,C,4
1,n,C,4
1,n,C,4
1,n,C,4
1,n,C,4
1,n,C,4
1,n,C,4
1,n,C,4
1,n,C,4
1,n,C,4
1,n,C,4
1,n,C,4
1,n,C,4
1,n,C,4
1,n,C,4
1,n,C,4
1,n,C,4
1,n,C,4
1,n,C,4
1,n,C,4
1,n,C,4
1,n,C,4
1,n,C,4
1,n,C,4
1,n,C,4
1,n,C,4
1,n,C,4
1,n,C,4
1,n,C,4
1,n,C,4
1,n,C,4
1,n,C,4
1,n,C,4
1,n,C,4
1,n,C,4
1,n,C,4
1,n,C,4
1,n,C,4
1,n,C,4
1,n,C,4
1,n,C,4
1,n,C,4
1,n,C,4
1,n,C,4
1,n,C,4
1,n,C,4
1,n,C,4
1,n,C,4
1,n,C,4
1,n,C,4
1,n,C,4
1,n,C,4
1,n,C,4
1,n,C,4
1,n,C,4
1,n,C,4
1,n,C,4
1,n,C,4
1,n,C,4
1,n,C,4
1,n,C,4
1,n,C,4
1,n,C,4
1,n,C,4
1,n,C,4
1,n,C,4
1,n,C,4
1,n,C,4
1,n,C,4
1,n,C,4
1,n,C,4
1,n,C,4
1,n,C,4
1,n,C,4
1,n,C,4
1,n,C,4
1,n,C,4
1,n,C,4
1,n,C,4
1,n,C,4
1,n,C,4
1,n,C,4
1,n,C,4
1,n,C,4
1,n,C,4
1,n,C,4
1,n,C,4
1,n,C,4
1,n,C,4
1,n,C,4
1,n,C,4
1,n,C,4
1,n,C,4
1,n,C,4
1,n,C,4
1,n,C,4
0,n,C,4
0,n,C,4
0,n,C,4
0,n,C,4
0,n,C,4
0,n,C,4
0,n,C,4
0,n,C,4
0,n,C,4
0,n,C,4
0,n,C,4
0,n,C,4
0,n,C,4
0,n,C,4
0,n,C,4
0,n,C,4
0,n,C,4
0,n,C,4
0,n,C,4
0,n,C,4
0,n,C,4
0,n,C,4
0,n,C,4
0,n,C,4
0,n,C,4
0,n,C,4
0,n,C,4
0,n,C,4
0,n,C,4
0,n,C,4
0,n,C,4
0,n,C,4
0,n,C,4
0,n,C,4
0,n,C,4
0,n,C,4
0,n,C,4
0,n,C,4
0,n,C,4
0,n,C,4
0,n,C,4
0,n,C,4
0,n,C,4
0,n,C,4
0,n,C,4
0,n,C,4
0,n,C,4
0,n,C,4
0,n,C,4
0,n,C,4
0,n,C,4
0,n,C,4
0,n,C,4
0,n,C,4
0,n,C,4
0,n,C,4
0,n,C,4
0,n,C,4
0,n,C,4
0,n,C,4
0,n,C,4
0,n,C,4
0,n,C,4
0,n,C,4
0,n,C,4
0,n,C,4
0,n,C,4
0,n,C,4
0,n,C,4
0,n,C,4
0,n,C,4
0,n,C,4
0,n,C,4
0,n,C,4
0,n,C,4
0,n,C,4
0,n,C,4
0,n,C,4
0,n,C,4
0,n,C,4
0,n,C,4
0,n,C,4
0,n,C,4
0,n,C,4
0,n,C,4
0,n,C,4
0,n,C,4
0,n,C,4
0,n,C,4
0,n,C,4
0,n,C,4
0,n,C,4
0,n,C,4
0,n,C,4
0,n,C,4
0,n,C,4
0,n,C,4
0,n,C,4
0,n,C,4
0,n,C,4
0,n,C,4
0,n,C,4
0,n,C,4
0,n,C,4
0,n,C,4
0,n,C,4
1,m,V,4
1,m,V,4
1,m,V,4
1,m,V,4
1,m,V,4
1,m,V,4
1,m,V,4
1,m,V,4
1,m,V,4
1,m,V,4
1,m,V,4
1,m,V,4
1,m,V,4
1,m,V,4
1,m,V,4
1,m,V,4
1,m,V,4
1,m,V,4
1,m,V,4
1,m,V,4
1,m,V,4
1,m,V,4
1,m,V,4
1,m,V,4
1,m,V,4
1,m,V,4
1,m,V,4
1,m,V,4
1,m,V,4
1,m,V,4
1,m,V,4
1,m,V,4
1,m,V,4
1,m,V,4
1,m,V,4
1,m,V,4
1,m,V,4
1,m,V,4
1,m,V,4
1,m,V,4
1,m,V,4
1,m,V,4
1,m,V,4
1,m,V,4
1,m,V,4
1,m,V,4
1,m,V,4
1,m,V,4
1,m,V,4
1,m,V,4
1,m,V,4
1,m,V,4
1,m,V,4
1,m,V,4
1,m,V,4
1,m,V,4
1,m,V,4
1,m,V,4
1,m,V,4
1,m,V,4
1,m,V,4
1,m,V,4
1,m,V,4
1,m,V,4
1,m,V,4
1,m,V,4
1,m,V,4
1,m,V,4
1,m,V,4
1,m,V,4
1,m,V,4
1,m,V,4
1,m,V,4
1,m,V,4
1,m,V,4
1,m,V,4
1,m,V,4
1,m,V,4
1,m,V,4
1,m,V,4
1,m,V,4
1,m,V,4
1,m,V,4
1,m,V,4
1,m,V,4
1,m,V,4
1,m,V,4
1,m,V,4
1,m,V,4
1,m,V,4
1,m,V,4
1,m,V,4
1,m,V,4
1,m,V,4
1,m,V,4
1,m,V,4
1,m,V,4
1,m,V,4
1,m,V,4
1,m,V,4
1,m,V,4
1,m,V,4
1,m,V,4
1,m,V,4
1,m,V,4
1,m,V,4
1,m,V,4
1,m,V,4
1,m,V,4
1,m,V,4
1,m,V,4
1,m,V,4
1,m,V,4
1,m,V,4
1,m,V,4
1,m,V,4
1,m,V,4
1,m,V,4
1,m,V,4
1,m,V,4
1,m,V,4
1,m,V,4
1,m,V,4
1,m,V,4
1,m,V,4
1,m,V,4
1,m,V,4
1,m,V,4
1,m,V,4
1,m,V,4
1,m,V,4
1,m,V,4
1,m,V,4
1,m,V,4
1,m,V,4
1,m,V,4
1,m,V,4
1,m,V,4
1,m,V,4
1,m,V,4
1,m,V,4
1,m,V,4
1,m,V,4
1,m,V,4
1,m,V,4
1,m,V,4
1,m,V,4
1,m,V,4
1,m,V,4
1,m,V,4
1,m,V,4
1,m,V,4
1,m,V,4
1,m,V,4
1,m,V,4
1,m,V,4
1,m,V,4
1,m,V,4
1,m,V,4
1,m,V,4
1,m,V,4
1,m,V,4
1,m,V,4
1,m,V,4
1,m,V,4
1,m,V,4
1,m,V,4
1,m,V,4
1,m,V,4
1,m,V,4
1,m,V,4
1,m,V,4
1,m,V,4
1,m,V,4
1,m,V,4
1,m,V,4
1,m,V,4
1,m,V,4
1,m,V,4
1,m,V,4
1,m,V,4
1,m,V,4
1,m,V,4
1,m,V,4
1,m,V,4
1,m,V,4
1,m,V,4
1,m,V,4
1,m,V,4
1,m,V,4
1,m,V,4
1,m,V,4
1,m,V,4
1,m,V,4
1,m,V,4
1,m,V,4
1,m,V,4
1,m,V,4
1,m,V,4
1,m,V,4
1,m,V,4
1,m,V,4
1,m,V,4
1,m,V,4
1,m,V,4
1,m,V,4
1,m,V,4
1,m,V,4
1,m,V,4
1,m,V,4
1,m,V,4
1,m,V,4
1,m,V,4
1,m,V,4
1,m,V,4
1,m,V,4
1,m,V,4
1,m,V,4
1,m,V,4
1,m,V,4
1,m,V,4
1,m,V,4
1,m,V,4
1,m,V,4
1,m,V,4
1,m,V,4
1,m,V,4
1,m,V,4
1,m,V,4
1,m,V,4
1,m,V,4
1,m,V,4
1,m,V,4
1,m,V,4
1,m,V,4
1,m,V,4
1,m,V,4
1,m,V,4
1,m,V,4
1,m,V,4
1,m,V,4
1,m,V,4
1,m,V,4
1,m,V,4
1,m,V,4
1,m,V,4
1,m,V,4
1,m,V,4
1,m,V,4
1,m,V,4
1,m,V,4
1,m,V,4
0,m,V,4
0,m,V,4
0,m,V,4
0,m,V,4
0,m,V,4
0,m,V,4
0,m,V,4
0,m,V,4
0,m,V,4
0,m,V,4
0,m,V,4
0,m,V,4
0,m,V,4
0,m,V,4
0,m,V,4
0,m,V,4
0,m,V,4
0,m,V,4
0,m,V,4
0,m,V,4
0,m,V,4
0,m,V,4
0,m,V,4
0,m,V,4
0,m,V,4
0,m,V,4
0,m,V,4
0,m,V,4
0,m,V,4
0,m,V,4
0,m,V,4
0,m,V,4
0,m,V,4
0,m,V,4
0,m,V,4
0,m,V,4
0,m,V,4
0,m,V,4
0,m,V,4
0,m,V,4
0,m,V,4
0,m,V,4
0,m,V,4
0,m,V,4
0,m,V,4
0,m,V,4
0,m,V,4
0,m,V,4
0,m,V,4
0,m,V,4
0,m,V,4
0,m,V,4
0,m,V,4
0,m,V,4
0,m,V,4
0,m,V,4
0,m,V,4
0,m,V,4
0,m,V,4
0,m,V,4
0,m,V,4
0,m,V,4
0,m,V,4
0,m,V,4
0,m,V,4
0,m,V,4
0,m,V,4
0,m,V,4
0,m,V,4
0,m,V,4
0,m,V,4
0,m,V,4
0,m,V,4
0,m,V,4
0,m,V,4
0,m,V,4
0,m,V,4
0,m,V,4
0,m,V,4
0,m,V,4
0,m,V,4
0,m,V,4
0,m,V,4
0,m,V,4
0,m,V,4
0,m,V,4
0,m,V,4
0,m,V,4
0,m,V,4
0,m,V,4
0,m,V,4
0,m,V,4
0,m,V,4
0,m,V,4
0,m,V,4
0,m,V,4
0,m,V,4
0,m,V,4
0,m,V,4
0,m,V,4
0,m,V,4
0,m,V,4
0,m,V,4
0,m,V,4
0,m,V,4
0,m,V,4
0,m,V,4
0,m,V,4
0,m,V,4
0,m,V,4
0,m,V,4
0,m,V,4
1,v,V,4
1,v,V,4
1,v,V,4
1,v,V,4
1,v,V,4
0,v,V,4
0,v,V,4
0,v,V,4
0,v,V,4
1,d,V,4
1,d,V,4
1,d,V,4
1,d,V,4
1,d,V,4
1,d,V,4
1,d,V,4
1,d,V,4
1,d,V,4
1,d,V,4
1,d,V,4
1,d,V,4
1,d,V,4
1,d,V,4
1,d,V,4
1,d,V,4
1,d,V,4
1,d,V,4
1,d,V,4
1,d,V,4
1,d,V,4
1,d,V,4
1,d,V,4
1,d,V,4
0,d,V,4
0,d,V,4
0,d,V,4
0,d,V,4
0,d,V,4
0,d,V,4
0,d,V,4
0,d,V,4
0,d,V,4
0,d,V,4
0,d,V,4
0,d,V,4
0,d,V,4
0,d,V,4
0,d,V,4
0,d,V,4
0,d,V,4
0,d,V,4
0,d,V,4
0,d,V,4
0,d,V,4
0,d,V,4
0,d,V,4
0,d,V,4
0,d,V,4
0,d,V,4
0,d,V,4
0,d,V,4
0,d,V,4
1,a,V,4
1,a,V,4
1,a,V,4
1,a,V,4
1,a,V,4
1,a,V,4
1,a,V,4
1,a,V,4
1,a,V,4
1,a,V,4
0,a,V,4
0,a,V,4
0,a,V,4
0,a,V,4
0,a,V,4
1,n,V,4
1,n,V,4
1,n,V,4
1,n,V,4
1,n,V,4
1,n,V,4
1,n,V,4
1,n,V,4
1,n,V,4
1,n,V,4
1,n,V,4
1,n,V,4
1,n,V,4
1,n,V,4
1,n,V,4
1,n,V,4
1,n,V,4
1,n,V,4
1,n,V,4
1,n,V,4
1,n,V,4
1,n,V,4
1,n,V,4
1,n,V,4
1,n,V,4
1,n,V,4
1,n,V,4
1,n,V,4
1,n,V,4
1,n,V,4
1,n,V,4
1,n,V,4
1,n,V,4
1,n,V,4
1,n,V,4
1,n,V,4
1,n,V,4
1,n,V,4
1,n,V,4
1,n,V,4
1,n,V,4
1,n,V,4
1,n,V,4
1,n,V,4
1,n,V,4
1,n,V,4
1,n,V,4
1,n,V,4
1,n,V,4
1,n,V,4
1,n,V,4
1,n,V,4
1,n,V,4
1,n,V,4
1,n,V,4
1,n,V,4
1,n,V,4
1,n,V,4
1,n,V,4
1,n,V,4
1,n,V,4
1,n,V,4
1,n,V,4
1,n,V,4
1,n,V,4
1,n,V,4
1,n,V,4
1,n,V,4
1,n,V,4
1,n,V,4
1,n,V,4
1,n,V,4
1,n,V,4
1,n,V,4
1,n,V,4
1,n,V,4
1,n,V,4
1,n,V,4
1,n,V,4
1,n,V,4
1,n,V,4
1,n,V,4
1,n,V,4
1,n,V,4
1,n,V,4
1,n,V,4
1,n,V,4
1,n,V,4
1,n,V,4
1,n,V,4
1,n,V,4
1,n,V,4
1,n,V,4
1,n,V,4
1,n,V,4
1,n,V,4
1,n,V,4
1,n,V,4
1,n,V,4
1,n,V,4
1,n,V,4
1,n,V,4
1,n,V,4
1,n,V,4
1,n,V,4
1,n,V,4
1,n,V,4
1,n,V,4
1,n,V,4
1,n,V,4
1,n,V,4
1,n,V,4
1,n,V,4
1,n,V,4
1,n,V,4
1,n,V,4
1,n,V,4
1,n,V,4
1,n,V,4
1,n,V,4
1,n,V,4
1,n,V,4
1,n,V,4
1,n,V,4
1,n,V,4
1,n,V,4
1,n,V,4
1,n,V,4
1,n,V,4
1,n,V,4
1,n,V,4
1,n,V,4
1,n,V,4
1,n,V,4
1,n,V,4
0,n,V,4
0,n,V,4
0,n,V,4
0,n,V,4
0,n,V,4
0,n,V,4
0,n,V,4
0,n,V,4
0,n,V,4
0,n,V,4
0,n,V,4
0,n,V,4
0,n,V,4
0,n,V,4
0,n,V,4
0,n,V,4
0,n,V,4
0,n,V,4
0,n,V,4
0,n,V,4
0,n,V,4
0,n,V,4
0,n,V,4
0,n,V,4
0,n,V,4
0,n,V,4
0,n,V,4
0,n,V,4
0,n,V,4
0,n,V,4
0,n,V,4
0,n,V,4
0,n,V,4
0,n,V,4
0,n,V,4
0,n,V,4
0,n,V,4
0,n,V,4
0,n,V,4
0,n,V,4
0,n,V,4
0,n,V,4
0,n,V,4
0,n,V,4
0,n,V,4
0,n,V,4
0,n,V,4
0,n,V,4
0,n,V,4
0,n,V,4
0,n,V,4
0,n,V,4
0,n,V,4
0,n,V,4
0,n,V,4
0,n,V,4
0,n,V,4
0,n,V,4
0,n,V,4
0,n,V,4
1,m,P,4
1,m,P,4
1,m,P,4
1,m,P,4
1,m,P,4
1,m,P,4
1,m,P,4
1,m,P,4
1,m,P,4
1,m,P,4
1,m,P,4
1,m,P,4
1,m,P,4
1,m,P,4
1,m,P,4
1,m,P,4
1,m,P,4
1,m,P,4
1,m,P,4
1,m,P,4
1,m,P,4
1,m,P,4
1,m,P,4
1,m,P,4
1,m,P,4
1,m,P,4
1,m,P,4
1,m,P,4
1,m,P,4
1,m,P,4
1,m,P,4
1,m,P,4
1,m,P,4
1,m,P,4
1,m,P,4
1,m,P,4
1,m,P,4
1,m,P,4
1,m,P,4
1,m,P,4
1,m,P,4
1,m,P,4
1,m,P,4
1,m,P,4
1,m,P,4
1,m,P,4
1,m,P,4
1,m,P,4
1,m,P,4
1,m,P,4
1,m,P,4
1,m,P,4
1,m,P,4
1,m,P,4
1,m,P,4
1,m,P,4
1,m,P,4
1,m,P,4
1,m,P,4
1,m,P,4
1,m,P,4
1,m,P,4
1,m,P,4
1,m,P,4
1,m,P,4
1,m,P,4
1,m,P,4
1,m,P,4
1,m,P,4
1,m,P,4
1,m,P,4
1,m,P,4
1,m,P,4
1,m,P,4
1,m,P,4
1,m,P,4
1,m,P,4
1,m,P,4
1,m,P,4
1,m,P,4
1,m,P,4
1,m,P,4
1,m,P,4
1,m,P,4
1,m,P,4
1,m,P,4
1,m,P,4
1,m,P,4
1,m,P,4
1,m,P,4
1,m,P,4
1,m,P,4
1,m,P,4
1,m,P,4
1,m,P,4
1,m,P,4
1,m,P,4
1,m,P,4
1,m,P,4
1,m,P,4
1,m,P,4
1,m,P,4
1,m,P,4
1,m,P,4
1,m,P,4
1,m,P,4
1,m,P,4
1,m,P,4
1,m,P,4
1,m,P,4
1,m,P,4
1,m,P,4
1,m,P,4
1,m,P,4
1,m,P,4
1,m,P,4
1,m,P,4
1,m,P,4
1,m,P,4
1,m,P,4
1,m,P,4
1,m,P,4
1,m,P,4
1,m,P,4
1,m,P,4
1,m,P,4
1,m,P,4
1,m,P,4
1,m,P,4
1,m,P,4
1,m,P,4
1,m,P,4
1,m,P,4
1,m,P,4
1,m,P,4
1,m,P,4
1,m,P,4
1,m,P,4
1,m,P,4
1,m,P,4
1,m,P,4
1,m,P,4
1,m,P,4
1,m,P,4
1,m,P,4
1,m,P,4
1,m,P,4
1,m,P,4
1,m,P,4
1,m,P,4
1,m,P,4
1,m,P,4
1,m,P,4
1,m,P,4
1,m,P,4
1,m,P,4
1,m,P,4
1,m,P,4
1,m,P,4
1,m,P,4
1,m,P,4
1,m,P,4
1,m,P,4
1,m,P,4
1,m,P,4
1,m,P,4
1,m,P,4
1,m,P,4
1,m,P,4
1,m,P,4
1,m,P,4
1,m,P,4
1,m,P,4
1,m,P,4
1,m,P,4
1,m,P,4
1,m,P,4
1,m,P,4
1,m,P,4
1,m,P,4
1,m,P,4
1,m,P,4
1,m,P,4
1,m,P,4
1,m,P,4
1,m,P,4
1,m,P,4
1,m,P,4
1,m,P,4
1,m,P,4
1,m,P,4
1,m,P,4
1,m,P,4
1,m,P,4
1,m,P,4
1,m,P,4
1,m,P,4
1,m,P,4
1,m,P,4
1,m,P,4
1,m,P,4
1,m,P,4
1,m,P,4
1,m,P,4
1,m,P,4
1,m,P,4
1,m,P,4
1,m,P,4
1,m,P,4
1,m,P,4
1,m,P,4
1,m,P,4
1,m,P,4
1,m,P,4
1,m,P,4
1,m,P,4
1,m,P,4
1,m,P,4
1,m,P,4
1,m,P,4
1,m,P,4
0,m,P,4
0,m,P,4
0,m,P,4
0,m,P,4
0,m,P,4
0,m,P,4
0,m,P,4
0,m,P,4
0,m,P,4
0,m,P,4
0,m,P,4
0,m,P,4
0,m,P,4
0,m,P,4
0,m,P,4
0,m,P,4
0,m,P,4
0,m,P,4
0,m,P,4
0,m,P,4
0,m,P,4
0,m,P,4
0,m,P,4
0,m,P,4
0,m,P,4
0,m,P,4
0,m,P,4
0,m,P,4
0,m,P,4
0,m,P,4
0,m,P,4
0,m,P,4
0,m,P,4
0,m,P,4
0,m,P,4
0,m,P,4
0,m,P,4
0,m,P,4
0,m,P,4
0,m,P,4
0,m,P,4
0,m,P,4
0,m,P,4
0,m,P,4
0,m,P,4
0,m,P,4
0,m,P,4
0,m,P,4
0,m,P,4
0,m,P,4
0,m,P,4
0,m,P,4
0,m,P,4
0,m,P,4
0,m,P,4
0,m,P,4
0,m,P,4
0,m,P,4
0,m,P,4
1,a,P,4
1,a,P,4
1,a,P,4
1,a,P,4
1,a,P,4
1,a,P,4
1,a,P,4
1,a,P,4
1,a,P,4
1,a,P,4
1,a,P,4
1,a,P,4
1,a,P,4
1,a,P,4
1,a,P,4
1,a,P,4
1,a,P,4
1,a,P,4
1,a,P,4
1,a,P,4
1,a,P,4
1,a,P,4
1,a,P,4
1,a,P,4
0,a,P,4
0,a,P,4
1,n,P,4
1,n,P,4
1,n,P,4
1,n,P,4
1,n,P,4
1,n,P,4
1,n,P,4
1,n,P,4
1,n,P,4
1,n,P,4
1,n,P,4
1,n,P,4
1,n,P,4
1,n,P,4
1,n,P,4
1,n,P,4
1,n,P,4
1,n,P,4
1,n,P,4
1,n,P,4
1,n,P,4
1,n,P,4
1,n,P,4
1,n,P,4
1,n,P,4
1,n,P,4
1,n,P,4
1,n,P,4
1,n,P,4
1,n,P,4
1,n,P,4
1,n,P,4
1,n,P,4
1,n,P,4
1,n,P,4
1,n,P,4
1,n,P,4
1,n,P,4
1,n,P,4
1,n,P,4
1,n,P,4
1,n,P,4
1,n,P,4
1,n,P,4
1,n,P,4
1,n,P,4
1,n,P,4
1,n,P,4
1,n,P,4
1,n,P,4
1,n,P,4
1,n,P,4
1,n,P,4
1,n,P,4
1,n,P,4
1,n,P,4
1,n,P,4
1,n,P,4
1,n,P,4
1,n,P,4
1,n,P,4
1,n,P,4
1,n,P,4
1,n,P,4
1,n,P,4
1,n,P,4
1,n,P,4
1,n,P,4
1,n,P,4
1,n,P,4
1,n,P,4
1,n,P,4
1,n,P,4
1,n,P,4
1,n,P,4
1,n,P,4
1,n,P,4
1,n,P,4
1,n,P,4
1,n,P,4
1,n,P,4
1,n,P,4
1,n,P,4
1,n,P,4
1,n,P,4
1,n,P,4
1,n,P,4
1,n,P,4
1,n,P,4
1,n,P,4
1,n,P,4
1,n,P,4
1,n,P,4
1,n,P,4
1,n,P,4
1,n,P,4
1,n,P,4
1,n,P,4
1,n,P,4
1,n,P,4
1,n,P,4
1,n,P,4
1,n,P,4
1,n,P,4
1,n,P,4
1,n,P,4
1,n,P,4
1,n,P,4
1,n,P,4
1,n,P,4
1,n,P,4
1,n,P,4
1,n,P,4
1,n,P,4
1,n,P,4
1,n,P,4
1,n,P,4
1,n,P,4
1,n,P,4
1,n,P,4
1,n,P,4
1,n,P,4
1,n,P,4
1,n,P,4
1,n,P,4
1,n,P,4
1,n,P,4
1,n,P,4
1,n,P,4
1,n,P,4
1,n,P,4
1,n,P,4
1,n,P,4
1,n,P,4
1,n,P,4
1,n,P,4
1,n,P,4
1,n,P,4
1,n,P,4
1,n,P,4
1,n,P,4
1,n,P,4
1,n,P,4
1,n,P,4
1,n,P,4
1,n,P,4
1,n,P,4
1,n,P,4
1,n,P,4
1,n,P,4
1,n,P,4
1,n,P,4
1,n,P,4
1,n,P,4
1,n,P,4
1,n,P,4
1,n,P,4
1,n,P,4
1,n,P,4
1,n,P,4
1,n,P,4
1,n,P,4
1,n,P,4
1,n,P,4
1,n,P,4
1,n,P,4
1,n,P,4
1,n,P,4
1,n,P,4
1,n,P,4
1,n,P,4
1,n,P,4
1,n,P,4
1,n,P,4
1,n,P,4
1,n,P,4
1,n,P,4
1,n,P,4
1,n,P,4
1,n,P,4
1,n,P,4
1,n,P,4
1,n,P,4
1,n,P,4
1,n,P,4
1,n,P,4
1,n,P,4
1,n,P,4
1,n,P,4
1,n,P,4
1,n,P,4
1,n,P,4
1,n,P,4
1,n,P,4
1,n,P,4
1,n,P,4
1,n,P,4
1,n,P,4
1,n,P,4
1,n,P,4
1,n,P,4
1,n,P,4
1,n,P,4
1,n,P,4
1,n,P,4
1,n,P,4
1,n,P,4
1,n,P,4
1,n,P,4
1,n,P,4
1,n,P,4
1,n,P,4
1,n,P,4
1,n,P,4
1,n,P,4
1,n,P,4
1,n,P,4
1,n,P,4
1,n,P,4
1,n,P,4
1,n,P,4
1,n,P,4
1,n,P,4
1,n,P,4
1,n,P,4
1,n,P,4
1,n,P,4
1,n,P,4
1,n,P,4
1,n,P,4
1,n,P,4
1,n,P,4
1,n,P,4
1,n,P,4
1,n,P,4
1,n,P,4
1,n,P,4
1,n,P,4
0,n,P,4
0,n,P,4
0,n,P,4
0,n,P,4
0,n,P,4
0,n,P,4
0,n,P,4
0,n,P,4
0,n,P,4
0,n,P,4
0,n,P,4
0,n,P,4
0,n,P,4
0,n,P,4
0,n,P,4
0,n,P,4
0,n,P,4
0,n,P,4
0,n,P,4
0,n,P,4
0,n,P,4
0,n,P,4
0,n,P,4
0,n,P,4
0,n,P,4
0,n,P,4
0,n,P,4
0,n,P,4
0,n,P,4
0,n,P,4
0,n,P,4
0,n,P,4
0,n,P,4
0,n,P,4
0,n,P,4
0,n,P,4
0,n,P,4
